"e","d","","0","1616039661030","main.py","1.1.7 for 2019-2020 @t1"
"k","d",,"1","1616039661036","main.py","1.1.7 for 2019-2020 @t1"
"e","e","","1","1616039661190","main.py","1.1.7 for 2019-2020 @t1"
"k","e",,"2","1616039661193","main.py","1.1.7 for 2019-2020 @t1"
"e","f","","2","1616039661450","main.py","1.1.7 for 2019-2020 @t1"
"k","f",,"3","1616039661457","main.py","1.1.7 for 2019-2020 @t1"
"e"," ","","3","1616039661635","main.py","1.1.7 for 2019-2020 @t1"
"k"," ",,"4","1616039661642","main.py","1.1.7 for 2019-2020 @t1"
"e","p","","4","1616039661955","main.py","1.1.7 for 2019-2020 @t1"
"k","p",,"5","1616039661956","main.py","1.1.7 for 2019-2020 @t1"
"e","a","","5","1616039662069","main.py","1.1.7 for 2019-2020 @t1"
"k","a",,"6","1616039662072","main.py","1.1.7 for 2019-2020 @t1"
"e","r","","6","1616039662221","main.py","1.1.7 for 2019-2020 @t1"
"k","r",,"7","1616039662224","main.py","1.1.7 for 2019-2020 @t1"
"e","t","","7","1616039662741","main.py","1.1.7 for 2019-2020 @t1"
"k","t",,"8","1616039662744","main.py","1.1.7 for 2019-2020 @t1"
"e","i","","8","1616039662858","main.py","1.1.7 for 2019-2020 @t1"
"k","i",,"9","1616039662859","main.py","1.1.7 for 2019-2020 @t1"
"e","t","","9","1616039662975","main.py","1.1.7 for 2019-2020 @t1"
"k","t",,"10","1616039662976","main.py","1.1.7 for 2019-2020 @t1"
"e","i","","10","1616039663055","main.py","1.1.7 for 2019-2020 @t1"
"k","i",,"11","1616039663056","main.py","1.1.7 for 2019-2020 @t1"
"e","o","","11","1616039663141","main.py","1.1.7 for 2019-2020 @t1"
"k","o",,"12","1616039663144","main.py","1.1.7 for 2019-2020 @t1"
"e","n","","12","1616039663188","main.py","1.1.7 for 2019-2020 @t1"
"k","n",,"13","1616039663190","main.py","1.1.7 for 2019-2020 @t1"
"e","(","","13","1616039663438","main.py","1.1.7 for 2019-2020 @t1"
"e",")","","14","1616039663446","main.py","1.1.7 for 2019-2020 @t1"
"k","(",,"14","1616039663449","main.py","1.1.7 for 2019-2020 @t1"
"e","a","","14","1616039663672","main.py","1.1.7 for 2019-2020 @t1"
"k","a",,"15","1616039663674","main.py","1.1.7 for 2019-2020 @t1"
"e","r","","15","1616039663807","main.py","1.1.7 for 2019-2020 @t1"
"k","r",,"16","1616039663808","main.py","1.1.7 for 2019-2020 @t1"
"e","r","","16","1616039663951","main.py","1.1.7 for 2019-2020 @t1"
"k","r",,"17","1616039663953","main.py","1.1.7 for 2019-2020 @t1"
"e",",","","17","1616039664077","main.py","1.1.7 for 2019-2020 @t1"
"k",",",,"18","1616039664078","main.py","1.1.7 for 2019-2020 @t1"
"e"," ","","18","1616039664185","main.py","1.1.7 for 2019-2020 @t1"
"k"," ",,"19","1616039664187","main.py","1.1.7 for 2019-2020 @t1"
"e","l","","19","1616039664378","main.py","1.1.7 for 2019-2020 @t1"
"k","l",,"20","1616039664380","main.py","1.1.7 for 2019-2020 @t1"
"e","o","","20","1616039664540","main.py","1.1.7 for 2019-2020 @t1"
"k","o",,"21","1616039664542","main.py","1.1.7 for 2019-2020 @t1"
"e","w","","21","1616039664760","main.py","1.1.7 for 2019-2020 @t1"
"k","w",,"22","1616039664764","main.py","1.1.7 for 2019-2020 @t1"
"e",",","","22","1616039664906","main.py","1.1.7 for 2019-2020 @t1"
"k",",",,"23","1616039664908","main.py","1.1.7 for 2019-2020 @t1"
"e"," ","","23","1616039665032","main.py","1.1.7 for 2019-2020 @t1"
"k"," ",,"24","1616039665033","main.py","1.1.7 for 2019-2020 @t1"
"e","h","","24","1616039665216","main.py","1.1.7 for 2019-2020 @t1"
"k","h",,"25","1616039665217","main.py","1.1.7 for 2019-2020 @t1"
"e","i","","25","1616039665367","main.py","1.1.7 for 2019-2020 @t1"
"k","i",,"26","1616039665368","main.py","1.1.7 for 2019-2020 @t1"
"e","g","","26","1616039666497","main.py","1.1.7 for 2019-2020 @t1"
"k","g",,"27","1616039666502","main.py","1.1.7 for 2019-2020 @t1"
"e","h","","27","1616039666584","main.py","1.1.7 for 2019-2020 @t1"
"k","h",,"28","1616039666586","main.py","1.1.7 for 2019-2020 @t1"
"k",")",,"29","1616039667669","main.py","1.1.7 for 2019-2020 @t1"
"e",":","","29","1616039668034","main.py","1.1.7 for 2019-2020 @t1"
"k",":",,"30","1616039668036","main.py","1.1.7 for 2019-2020 @t1"
"a","Enter",,,"1616039668273","main.py","1.1.7 for 2019-2020 @t1"
"e","
","","30","1616039668302","main.py","1.1.7 for 2019-2020 @t1"
"e","    ","","31","1616039668345","main.py","1.1.7 for 2019-2020 @t1"
"e","i","","35","1616039671332","main.py","1.1.7 for 2019-2020 @t1"
"k","i",,"36","1616039671333","main.py","1.1.7 for 2019-2020 @t1"
"e"," ","","36","1616039671488","main.py","1.1.7 for 2019-2020 @t1"
"k"," ",,"37","1616039671489","main.py","1.1.7 for 2019-2020 @t1"
"e","=","","37","1616039672108","main.py","1.1.7 for 2019-2020 @t1"
"k","=",,"38","1616039672110","main.py","1.1.7 for 2019-2020 @t1"
"e"," ","","38","1616039672297","main.py","1.1.7 for 2019-2020 @t1"
"k"," ",,"39","1616039672298","main.py","1.1.7 for 2019-2020 @t1"
"e","(","","39","1616039672576","main.py","1.1.7 for 2019-2020 @t1"
"e",")","","40","1616039672582","main.py","1.1.7 for 2019-2020 @t1"
"k","(",,"40","1616039672582","main.py","1.1.7 for 2019-2020 @t1"
"e","l","","40","1616039674920","main.py","1.1.7 for 2019-2020 @t1"
"k","l",,"41","1616039674922","main.py","1.1.7 for 2019-2020 @t1"
"e","o","","41","1616039675186","main.py","1.1.7 for 2019-2020 @t1"
"k","o",,"42","1616039675192","main.py","1.1.7 for 2019-2020 @t1"
"e","w","","42","1616039675258","main.py","1.1.7 for 2019-2020 @t1"
"k","w",,"43","1616039675263","main.py","1.1.7 for 2019-2020 @t1"
"e"," ","","43","1616039675409","main.py","1.1.7 for 2019-2020 @t1"
"k"," ",,"44","1616039675411","main.py","1.1.7 for 2019-2020 @t1"
"e","-","","44","1616039675970","main.py","1.1.7 for 2019-2020 @t1"
"k","-",,"45","1616039675971","main.py","1.1.7 for 2019-2020 @t1"
"e"," ","","45","1616039676130","main.py","1.1.7 for 2019-2020 @t1"
"k"," ",,"46","1616039676131","main.py","1.1.7 for 2019-2020 @t1"
"e","1","","46","1616039676444","main.py","1.1.7 for 2019-2020 @t1"
"k","1",,"47","1616039676446","main.py","1.1.7 for 2019-2020 @t1"
"a","Right",,,"1616039677637","main.py","1.1.7 for 2019-2020 @t1"
"a","Enter",,,"1616039678204","main.py","1.1.7 for 2019-2020 @t1"
"e","
    ","","48","1616039678213","main.py","1.1.7 for 2019-2020 @t1"
"e","p","","53","1616039680879","main.py","1.1.7 for 2019-2020 @t1"
"k","p",,"54","1616039680881","main.py","1.1.7 for 2019-2020 @t1"
"e","i","","54","1616039681130","main.py","1.1.7 for 2019-2020 @t1"
"k","i",,"55","1616039681155","main.py","1.1.7 for 2019-2020 @t1"
"e","v","","55","1616039681333","main.py","1.1.7 for 2019-2020 @t1"
"k","v",,"56","1616039681363","main.py","1.1.7 for 2019-2020 @t1"
"e","i","","56","1616039681453","main.py","1.1.7 for 2019-2020 @t1"
"k","i",,"57","1616039681454","main.py","1.1.7 for 2019-2020 @t1"
"a","Backspace",,,"1616039681846","main.py","1.1.7 for 2019-2020 @t1"
"e","","i","56","1616039682184","main.py","1.1.7 for 2019-2020 @t1"
"e","o","","56","1616039682195","main.py","1.1.7 for 2019-2020 @t1"
"k","o",,"57","1616039682197","main.py","1.1.7 for 2019-2020 @t1"
"e","t","","57","1616039682206","main.py","1.1.7 for 2019-2020 @t1"
"k","t",,"58","1616039682208","main.py","1.1.7 for 2019-2020 @t1"
"e"," ","","58","1616039682961","main.py","1.1.7 for 2019-2020 @t1"
"k"," ",,"59","1616039682962","main.py","1.1.7 for 2019-2020 @t1"
"e","=","","59","1616039683385","main.py","1.1.7 for 2019-2020 @t1"
"k","=",,"60","1616039683386","main.py","1.1.7 for 2019-2020 @t1"
"e"," ","","60","1616039683602","main.py","1.1.7 for 2019-2020 @t1"
"k"," ",,"61","1616039683603","main.py","1.1.7 for 2019-2020 @t1"
"e","a","","61","1616039685977","main.py","1.1.7 for 2019-2020 @t1"
"k","a",,"62","1616039685979","main.py","1.1.7 for 2019-2020 @t1"
"e","r","","62","1616039686187","main.py","1.1.7 for 2019-2020 @t1"
"k","r",,"63","1616039686209","main.py","1.1.7 for 2019-2020 @t1"
"e","r","","63","1616039686310","main.py","1.1.7 for 2019-2020 @t1"
"k","r",,"64","1616039686325","main.py","1.1.7 for 2019-2020 @t1"
"e","[","","64","1616039687022","main.py","1.1.7 for 2019-2020 @t1"
"e","]","","65","1616039687028","main.py","1.1.7 for 2019-2020 @t1"
"k","[",,"65","1616039687030","main.py","1.1.7 for 2019-2020 @t1"
"e","j","","65","1616039687430","main.py","1.1.7 for 2019-2020 @t1"
"k","j",,"66","1616039687431","main.py","1.1.7 for 2019-2020 @t1"
"a","Backspace",,,"1616039687930","main.py","1.1.7 for 2019-2020 @t1"
"e","","j","65","1616039687937","main.py","1.1.7 for 2019-2020 @t1"
"e","h","","65","1616039688202","main.py","1.1.7 for 2019-2020 @t1"
"k","h",,"66","1616039688203","main.py","1.1.7 for 2019-2020 @t1"
"e","i","","66","1616039688383","main.py","1.1.7 for 2019-2020 @t1"
"k","i",,"67","1616039688403","main.py","1.1.7 for 2019-2020 @t1"
"e","g","","67","1616039688503","main.py","1.1.7 for 2019-2020 @t1"
"k","g",,"68","1616039688512","main.py","1.1.7 for 2019-2020 @t1"
"e","h","","68","1616039688598","main.py","1.1.7 for 2019-2020 @t1"
"k","h",,"69","1616039688621","main.py","1.1.7 for 2019-2020 @t1"
"k","]",,"70","1616039689496","main.py","1.1.7 for 2019-2020 @t1"
"a","Enter",,,"1616039690699","main.py","1.1.7 for 2019-2020 @t1"
"e","
    ","","70","1616039690706","main.py","1.1.7 for 2019-2020 @t1"
"a","Enter",,,"1616039693379","main.py","1.1.7 for 2019-2020 @t1"
"e","
    ","","75","1616039693384","main.py","1.1.7 for 2019-2020 @t1"
"e","f","","80","1616039693584","main.py","1.1.7 for 2019-2020 @t1"
"k","f",,"81","1616039693585","main.py","1.1.7 for 2019-2020 @t1"
"e","o","","81","1616039693670","main.py","1.1.7 for 2019-2020 @t1"
"k","o",,"82","1616039693671","main.py","1.1.7 for 2019-2020 @t1"
"e","r","","82","1616039693827","main.py","1.1.7 for 2019-2020 @t1"
"k","r",,"83","1616039693840","main.py","1.1.7 for 2019-2020 @t1"
"e"," ","","83","1616039694468","main.py","1.1.7 for 2019-2020 @t1"
"k"," ",,"84","1616039694469","main.py","1.1.7 for 2019-2020 @t1"
"e","j","","84","1616039694974","main.py","1.1.7 for 2019-2020 @t1"
"k","j",,"85","1616039694975","main.py","1.1.7 for 2019-2020 @t1"
"e"," ","","85","1616039695200","main.py","1.1.7 for 2019-2020 @t1"
"k"," ",,"86","1616039695201","main.py","1.1.7 for 2019-2020 @t1"
"e","i","","86","1616039695364","main.py","1.1.7 for 2019-2020 @t1"
"k","i",,"87","1616039695365","main.py","1.1.7 for 2019-2020 @t1"
"e","n","","87","1616039695465","main.py","1.1.7 for 2019-2020 @t1"
"k","n",,"88","1616039695467","main.py","1.1.7 for 2019-2020 @t1"
"e"," ","","88","1616039695657","main.py","1.1.7 for 2019-2020 @t1"
"k"," ",,"89","1616039695658","main.py","1.1.7 for 2019-2020 @t1"
"e","r","","89","1616039696356","main.py","1.1.7 for 2019-2020 @t1"
"k","r",,"90","1616039696357","main.py","1.1.7 for 2019-2020 @t1"
"e","a","","90","1616039696475","main.py","1.1.7 for 2019-2020 @t1"
"k","a",,"91","1616039696477","main.py","1.1.7 for 2019-2020 @t1"
"e","n","","91","1616039696629","main.py","1.1.7 for 2019-2020 @t1"
"k","n",,"92","1616039696642","main.py","1.1.7 for 2019-2020 @t1"
"a","Backspace",,,"1616039697718","main.py","1.1.7 for 2019-2020 @t1"
"e","","n","91","1616039697723","main.py","1.1.7 for 2019-2020 @t1"
"a","Backspace",,,"1616039697910","main.py","1.1.7 for 2019-2020 @t1"
"e","","a","90","1616039697916","main.py","1.1.7 for 2019-2020 @t1"
"a","Backspace",,,"1616039698116","main.py","1.1.7 for 2019-2020 @t1"
"e","","r","89","1616039698125","main.py","1.1.7 for 2019-2020 @t1"
"e","R","","89","1616039698503","main.py","1.1.7 for 2019-2020 @t1"
"k","R",,"90","1616039698507","main.py","1.1.7 for 2019-2020 @t1"
"e","a","","90","1616039698600","main.py","1.1.7 for 2019-2020 @t1"
"k","a",,"91","1616039698601","main.py","1.1.7 for 2019-2020 @t1"
"e","n","","91","1616039698759","main.py","1.1.7 for 2019-2020 @t1"
"k","n",,"92","1616039698782","main.py","1.1.7 for 2019-2020 @t1"
"e","g","","92","1616039698840","main.py","1.1.7 for 2019-2020 @t1"
"k","g",,"93","1616039698856","main.py","1.1.7 for 2019-2020 @t1"
"e","e","","93","1616039698959","main.py","1.1.7 for 2019-2020 @t1"
"k","e",,"94","1616039698960","main.py","1.1.7 for 2019-2020 @t1"
"e",":","","94","1616039699820","main.py","1.1.7 for 2019-2020 @t1"
"k",":",,"95","1616039699822","main.py","1.1.7 for 2019-2020 @t1"
"a","Backspace",,,"1616039700377","main.py","1.1.7 for 2019-2020 @t1"
"e","",":","94","1616039700382","main.py","1.1.7 for 2019-2020 @t1"
"a","Backspace",,,"1616039700564","main.py","1.1.7 for 2019-2020 @t1"
"e","","e","93","1616039700570","main.py","1.1.7 for 2019-2020 @t1"
"a","Backspace",,,"1616039700741","main.py","1.1.7 for 2019-2020 @t1"
"e","","g","92","1616039700747","main.py","1.1.7 for 2019-2020 @t1"
"a","Backspace",,,"1616039700923","main.py","1.1.7 for 2019-2020 @t1"
"e","","n","91","1616039700930","main.py","1.1.7 for 2019-2020 @t1"
"a","Backspace",,,"1616039701104","main.py","1.1.7 for 2019-2020 @t1"
"e","","a","90","1616039701110","main.py","1.1.7 for 2019-2020 @t1"
"a","Backspace",,,"1616039701285","main.py","1.1.7 for 2019-2020 @t1"
"e","","R","89","1616039701291","main.py","1.1.7 for 2019-2020 @t1"
"e","r","","89","1616039701468","main.py","1.1.7 for 2019-2020 @t1"
"k","r",,"90","1616039701469","main.py","1.1.7 for 2019-2020 @t1"
"e","a","","90","1616039701622","main.py","1.1.7 for 2019-2020 @t1"
"k","a",,"91","1616039701641","main.py","1.1.7 for 2019-2020 @t1"
"e","n","","91","1616039701746","main.py","1.1.7 for 2019-2020 @t1"
"k","n",,"92","1616039701761","main.py","1.1.7 for 2019-2020 @t1"
"e","g","","92","1616039701847","main.py","1.1.7 for 2019-2020 @t1"
"k","g",,"93","1616039701858","main.py","1.1.7 for 2019-2020 @t1"
"e","e","","93","1616039701958","main.py","1.1.7 for 2019-2020 @t1"
"k","e",,"94","1616039701973","main.py","1.1.7 for 2019-2020 @t1"
"e","(","","94","1616039705071","main.py","1.1.7 for 2019-2020 @t1"
"e",")","","95","1616039705076","main.py","1.1.7 for 2019-2020 @t1"
"k","(",,"95","1616039705077","main.py","1.1.7 for 2019-2020 @t1"
"e","l","","95","1616039705753","main.py","1.1.7 for 2019-2020 @t1"
"k","l",,"96","1616039705754","main.py","1.1.7 for 2019-2020 @t1"
"e","o","","96","1616039705933","main.py","1.1.7 for 2019-2020 @t1"
"k","o",,"97","1616039705938","main.py","1.1.7 for 2019-2020 @t1"
"e","w","","97","1616039706034","main.py","1.1.7 for 2019-2020 @t1"
"k","w",,"98","1616039706039","main.py","1.1.7 for 2019-2020 @t1"
"e",",","","98","1616039706512","main.py","1.1.7 for 2019-2020 @t1"
"k",",",,"99","1616039706513","main.py","1.1.7 for 2019-2020 @t1"
"e"," ","","99","1616039706644","main.py","1.1.7 for 2019-2020 @t1"
"k"," ",,"100","1616039706645","main.py","1.1.7 for 2019-2020 @t1"
"e","h","","100","1616039706837","main.py","1.1.7 for 2019-2020 @t1"
"k","h",,"101","1616039706839","main.py","1.1.7 for 2019-2020 @t1"
"e","i","","101","1616039706931","main.py","1.1.7 for 2019-2020 @t1"
"k","i",,"102","1616039706932","main.py","1.1.7 for 2019-2020 @t1"
"e","g","","102","1616039707104","main.py","1.1.7 for 2019-2020 @t1"
"k","g",,"103","1616039707111","main.py","1.1.7 for 2019-2020 @t1"
"e","h","","103","1616039707202","main.py","1.1.7 for 2019-2020 @t1"
"k","h",,"104","1616039707217","main.py","1.1.7 for 2019-2020 @t1"
"k",")",,"105","1616039707432","main.py","1.1.7 for 2019-2020 @t1"
"e",":","","105","1616039707689","main.py","1.1.7 for 2019-2020 @t1"
"k",":",,"106","1616039707690","main.py","1.1.7 for 2019-2020 @t1"
"a","Enter",,,"1616039707924","main.py","1.1.7 for 2019-2020 @t1"
"e","
    ","","106","1616039707932","main.py","1.1.7 for 2019-2020 @t1"
"e","    ","","111","1616039707942","main.py","1.1.7 for 2019-2020 @t1"
"e","i","","115","1616039711568","main.py","1.1.7 for 2019-2020 @t1"
"k","i",,"116","1616039711569","main.py","1.1.7 for 2019-2020 @t1"
"e","f","","116","1616039711663","main.py","1.1.7 for 2019-2020 @t1"
"k","f",,"117","1616039711664","main.py","1.1.7 for 2019-2020 @t1"
"e"," ","","117","1616039711770","main.py","1.1.7 for 2019-2020 @t1"
"k"," ",,"118","1616039711771","main.py","1.1.7 for 2019-2020 @t1"
"e","a","","118","1616039714261","main.py","1.1.7 for 2019-2020 @t1"
"k","a",,"119","1616039714262","main.py","1.1.7 for 2019-2020 @t1"
"e","r","","119","1616039714478","main.py","1.1.7 for 2019-2020 @t1"
"k","r",,"120","1616039714492","main.py","1.1.7 for 2019-2020 @t1"
"e","r","","120","1616039714610","main.py","1.1.7 for 2019-2020 @t1"
"k","r",,"121","1616039714624","main.py","1.1.7 for 2019-2020 @t1"
"e","[","","121","1616039715786","main.py","1.1.7 for 2019-2020 @t1"
"e","]","","122","1616039715790","main.py","1.1.7 for 2019-2020 @t1"
"k","[",,"122","1616039715791","main.py","1.1.7 for 2019-2020 @t1"
"e","j","","122","1616039715969","main.py","1.1.7 for 2019-2020 @t1"
"k","j",,"123","1616039715971","main.py","1.1.7 for 2019-2020 @t1"
"k","]",,"124","1616039716140","main.py","1.1.7 for 2019-2020 @t1"
"e"," ","","124","1616039718887","main.py","1.1.7 for 2019-2020 @t1"
"k"," ",,"125","1616039718889","main.py","1.1.7 for 2019-2020 @t1"
"e","<","","125","1616039719128","main.py","1.1.7 for 2019-2020 @t1"
"k","<",,"126","1616039719129","main.py","1.1.7 for 2019-2020 @t1"
"e","=","","126","1616039720323","main.py","1.1.7 for 2019-2020 @t1"
"k","=",,"127","1616039720325","main.py","1.1.7 for 2019-2020 @t1"
"e"," ","","127","1616039720502","main.py","1.1.7 for 2019-2020 @t1"
"k"," ",,"128","1616039720503","main.py","1.1.7 for 2019-2020 @t1"
"e","p","","128","1616039720754","main.py","1.1.7 for 2019-2020 @t1"
"k","p",,"129","1616039720755","main.py","1.1.7 for 2019-2020 @t1"
"e","i","","129","1616039720983","main.py","1.1.7 for 2019-2020 @t1"
"k","i",,"130","1616039720997","main.py","1.1.7 for 2019-2020 @t1"
"e","v","","130","1616039721144","main.py","1.1.7 for 2019-2020 @t1"
"k","v",,"131","1616039721156","main.py","1.1.7 for 2019-2020 @t1"
"e","o","","131","1616039721257","main.py","1.1.7 for 2019-2020 @t1"
"k","o",,"132","1616039721264","main.py","1.1.7 for 2019-2020 @t1"
"e","r","","132","1616039721363","main.py","1.1.7 for 2019-2020 @t1"
"k","r",,"133","1616039721379","main.py","1.1.7 for 2019-2020 @t1"
"a","Backspace",,,"1616039722135","main.py","1.1.7 for 2019-2020 @t1"
"e","","r","132","1616039722140","main.py","1.1.7 for 2019-2020 @t1"
"e","t","","132","1616039722256","main.py","1.1.7 for 2019-2020 @t1"
"k","t",,"133","1616039722257","main.py","1.1.7 for 2019-2020 @t1"
"e",":","","133","1616039722958","main.py","1.1.7 for 2019-2020 @t1"
"k",":",,"134","1616039722959","main.py","1.1.7 for 2019-2020 @t1"
"a","Enter",,,"1616039723612","main.py","1.1.7 for 2019-2020 @t1"
"e","
        ","","134","1616039723623","main.py","1.1.7 for 2019-2020 @t1"
"e","    ","","143","1616039723632","main.py","1.1.7 for 2019-2020 @t1"
"e","i","","147","1616039727832","main.py","1.1.7 for 2019-2020 @t1"
"k","i",,"148","1616039727833","main.py","1.1.7 for 2019-2020 @t1"
"e"," ","","148","1616039728034","main.py","1.1.7 for 2019-2020 @t1"
"k"," ",,"149","1616039728036","main.py","1.1.7 for 2019-2020 @t1"
"e","=","","149","1616039728722","main.py","1.1.7 for 2019-2020 @t1"
"k","=",,"150","1616039728723","main.py","1.1.7 for 2019-2020 @t1"
"e"," ","","150","1616039729211","main.py","1.1.7 for 2019-2020 @t1"
"k"," ",,"151","1616039729212","main.py","1.1.7 for 2019-2020 @t1"
"e","i","","151","1616039734201","main.py","1.1.7 for 2019-2020 @t1"
"k","i",,"152","1616039734202","main.py","1.1.7 for 2019-2020 @t1"
"e"," ","","152","1616039734324","main.py","1.1.7 for 2019-2020 @t1"
"k"," ",,"153","1616039734325","main.py","1.1.7 for 2019-2020 @t1"
"e","+","","153","1616039734728","main.py","1.1.7 for 2019-2020 @t1"
"k","+",,"154","1616039734729","main.py","1.1.7 for 2019-2020 @t1"
"e"," ","","154","1616039735048","main.py","1.1.7 for 2019-2020 @t1"
"k"," ",,"155","1616039735050","main.py","1.1.7 for 2019-2020 @t1"
"e","1","","155","1616039735679","main.py","1.1.7 for 2019-2020 @t1"
"k","1",,"156","1616039735679","main.py","1.1.7 for 2019-2020 @t1"
"a","Enter",,,"1616039736105","main.py","1.1.7 for 2019-2020 @t1"
"e","
            ","","156","1616039736115","main.py","1.1.7 for 2019-2020 @t1"
"e","a","","169","1616039738871","main.py","1.1.7 for 2019-2020 @t1"
"k","a",,"170","1616039738873","main.py","1.1.7 for 2019-2020 @t1"
"e","r","","170","1616039739085","main.py","1.1.7 for 2019-2020 @t1"
"k","r",,"171","1616039739101","main.py","1.1.7 for 2019-2020 @t1"
"e","r","","171","1616039739260","main.py","1.1.7 for 2019-2020 @t1"
"k","r",,"172","1616039739273","main.py","1.1.7 for 2019-2020 @t1"
"e","[","","172","1616039739747","main.py","1.1.7 for 2019-2020 @t1"
"e","]","","173","1616039739751","main.py","1.1.7 for 2019-2020 @t1"
"k","[",,"173","1616039739752","main.py","1.1.7 for 2019-2020 @t1"
"e","i","","173","1616039742422","main.py","1.1.7 for 2019-2020 @t1"
"k","i",,"174","1616039742423","main.py","1.1.7 for 2019-2020 @t1"
"k","]",,"175","1616039744669","main.py","1.1.7 for 2019-2020 @t1"
"e",",","","175","1616039744975","main.py","1.1.7 for 2019-2020 @t1"
"k",",",,"176","1616039744976","main.py","1.1.7 for 2019-2020 @t1"
"e"," ","","176","1616039745107","main.py","1.1.7 for 2019-2020 @t1"
"k"," ",,"177","1616039745108","main.py","1.1.7 for 2019-2020 @t1"
"e","a","","177","1616039745518","main.py","1.1.7 for 2019-2020 @t1"
"k","a",,"178","1616039745520","main.py","1.1.7 for 2019-2020 @t1"
"e","r","","178","1616039745722","main.py","1.1.7 for 2019-2020 @t1"
"k","r",,"179","1616039745739","main.py","1.1.7 for 2019-2020 @t1"
"e","r","","179","1616039745885","main.py","1.1.7 for 2019-2020 @t1"
"k","r",,"180","1616039745896","main.py","1.1.7 for 2019-2020 @t1"
"e","[","","180","1616039746205","main.py","1.1.7 for 2019-2020 @t1"
"e","]","","181","1616039746209","main.py","1.1.7 for 2019-2020 @t1"
"k","[",,"181","1616039746210","main.py","1.1.7 for 2019-2020 @t1"
"e","j","","181","1616039746514","main.py","1.1.7 for 2019-2020 @t1"
"k","j",,"182","1616039746515","main.py","1.1.7 for 2019-2020 @t1"
"k","]",,"183","1616039746684","main.py","1.1.7 for 2019-2020 @t1"
"e"," ","","183","1616039747330","main.py","1.1.7 for 2019-2020 @t1"
"k"," ",,"184","1616039747331","main.py","1.1.7 for 2019-2020 @t1"
"e","=","","184","1616039747806","main.py","1.1.7 for 2019-2020 @t1"
"k","=",,"185","1616039747807","main.py","1.1.7 for 2019-2020 @t1"
"e"," ","","185","1616039747976","main.py","1.1.7 for 2019-2020 @t1"
"k"," ",,"186","1616039747977","main.py","1.1.7 for 2019-2020 @t1"
"e","a","","186","1616039751371","main.py","1.1.7 for 2019-2020 @t1"
"k","a",,"187","1616039751372","main.py","1.1.7 for 2019-2020 @t1"
"e","r","","187","1616039751559","main.py","1.1.7 for 2019-2020 @t1"
"k","r",,"188","1616039751572","main.py","1.1.7 for 2019-2020 @t1"
"e","r","","188","1616039751736","main.py","1.1.7 for 2019-2020 @t1"
"k","r",,"189","1616039751749","main.py","1.1.7 for 2019-2020 @t1"
"e","[","","189","1616039752423","main.py","1.1.7 for 2019-2020 @t1"
"e","]","","190","1616039752428","main.py","1.1.7 for 2019-2020 @t1"
"k","[",,"190","1616039752429","main.py","1.1.7 for 2019-2020 @t1"
"e","j","","190","1616039752586","main.py","1.1.7 for 2019-2020 @t1"
"k","j",,"191","1616039752587","main.py","1.1.7 for 2019-2020 @t1"
"k","]",,"192","1616039752751","main.py","1.1.7 for 2019-2020 @t1"
"e",",","","192","1616039752998","main.py","1.1.7 for 2019-2020 @t1"
"k",",",,"193","1616039752999","main.py","1.1.7 for 2019-2020 @t1"
"e"," ","","193","1616039753124","main.py","1.1.7 for 2019-2020 @t1"
"k"," ",,"194","1616039753125","main.py","1.1.7 for 2019-2020 @t1"
"e","a","","194","1616039753561","main.py","1.1.7 for 2019-2020 @t1"
"k","a",,"195","1616039753562","main.py","1.1.7 for 2019-2020 @t1"
"e","r","","195","1616039753732","main.py","1.1.7 for 2019-2020 @t1"
"k","r",,"196","1616039753765","main.py","1.1.7 for 2019-2020 @t1"
"e","r","","196","1616039753868","main.py","1.1.7 for 2019-2020 @t1"
"k","r",,"197","1616039753880","main.py","1.1.7 for 2019-2020 @t1"
"e","[","","197","1616039754140","main.py","1.1.7 for 2019-2020 @t1"
"e","]","","198","1616039754146","main.py","1.1.7 for 2019-2020 @t1"
"k","[",,"198","1616039754147","main.py","1.1.7 for 2019-2020 @t1"
"e","i","","198","1616039754317","main.py","1.1.7 for 2019-2020 @t1"
"k","i",,"199","1616039754318","main.py","1.1.7 for 2019-2020 @t1"
"k","]",,"200","1616039754506","main.py","1.1.7 for 2019-2020 @t1"
"a","Enter",,,"1616039755649","main.py","1.1.7 for 2019-2020 @t1"
"e","
            ","","200","1616039755654","main.py","1.1.7 for 2019-2020 @t1"
"a","Enter",,,"1616039758902","main.py","1.1.7 for 2019-2020 @t1"
"e","
            ","","213","1616039758908","main.py","1.1.7 for 2019-2020 @t1"
"a","Backspace",,,"1616039759165","main.py","1.1.7 for 2019-2020 @t1"
"e",""," ","225","1616039759173","main.py","1.1.7 for 2019-2020 @t1"
"e","","   ","222","1616039759178","main.py","1.1.7 for 2019-2020 @t1"
"a","Backspace",,,"1616039759537","main.py","1.1.7 for 2019-2020 @t1"
"e",""," ","221","1616039759543","main.py","1.1.7 for 2019-2020 @t1"
"e","","   ","218","1616039759547","main.py","1.1.7 for 2019-2020 @t1"
"e","a","","218","1616039764128","main.py","1.1.7 for 2019-2020 @t1"
"k","a",,"219","1616039764129","main.py","1.1.7 for 2019-2020 @t1"
"e","r","","219","1616039764331","main.py","1.1.7 for 2019-2020 @t1"
"k","r",,"220","1616039764345","main.py","1.1.7 for 2019-2020 @t1"
"e","r","","220","1616039764499","main.py","1.1.7 for 2019-2020 @t1"
"k","r",,"221","1616039764512","main.py","1.1.7 for 2019-2020 @t1"
"e","[","","221","1616039766911","main.py","1.1.7 for 2019-2020 @t1"
"e","]","","222","1616039766917","main.py","1.1.7 for 2019-2020 @t1"
"k","[",,"222","1616039766917","main.py","1.1.7 for 2019-2020 @t1"
"e","i","","222","1616039767188","main.py","1.1.7 for 2019-2020 @t1"
"k","i",,"223","1616039767189","main.py","1.1.7 for 2019-2020 @t1"
"e"," ","","223","1616039767584","main.py","1.1.7 for 2019-2020 @t1"
"k"," ",,"224","1616039767585","main.py","1.1.7 for 2019-2020 @t1"
"e","+","","224","1616039768346","main.py","1.1.7 for 2019-2020 @t1"
"k","+",,"225","1616039768347","main.py","1.1.7 for 2019-2020 @t1"
"e"," ","","225","1616039768573","main.py","1.1.7 for 2019-2020 @t1"
"k"," ",,"226","1616039768574","main.py","1.1.7 for 2019-2020 @t1"
"e","1","","226","1616039768841","main.py","1.1.7 for 2019-2020 @t1"
"k","1",,"227","1616039768842","main.py","1.1.7 for 2019-2020 @t1"
"k","]",,"228","1616039769119","main.py","1.1.7 for 2019-2020 @t1"
"e",",","","228","1616039771934","main.py","1.1.7 for 2019-2020 @t1"
"k",",",,"229","1616039771935","main.py","1.1.7 for 2019-2020 @t1"
"e"," ","","229","1616039772064","main.py","1.1.7 for 2019-2020 @t1"
"k"," ",,"230","1616039772065","main.py","1.1.7 for 2019-2020 @t1"
"e","a","","230","1616039772290","main.py","1.1.7 for 2019-2020 @t1"
"k","a",,"231","1616039772291","main.py","1.1.7 for 2019-2020 @t1"
"e","r","","231","1616039772503","main.py","1.1.7 for 2019-2020 @t1"
"k","r",,"232","1616039772517","main.py","1.1.7 for 2019-2020 @t1"
"e","r","","232","1616039772644","main.py","1.1.7 for 2019-2020 @t1"
"k","r",,"233","1616039772656","main.py","1.1.7 for 2019-2020 @t1"
"e","[","","233","1616039773139","main.py","1.1.7 for 2019-2020 @t1"
"e","]","","234","1616039773143","main.py","1.1.7 for 2019-2020 @t1"
"k","[",,"234","1616039773143","main.py","1.1.7 for 2019-2020 @t1"
"e","h","","234","1616039773376","main.py","1.1.7 for 2019-2020 @t1"
"k","h",,"235","1616039773377","main.py","1.1.7 for 2019-2020 @t1"
"e","i","","235","1616039773552","main.py","1.1.7 for 2019-2020 @t1"
"k","i",,"236","1616039773565","main.py","1.1.7 for 2019-2020 @t1"
"e","g","","236","1616039773677","main.py","1.1.7 for 2019-2020 @t1"
"k","g",,"237","1616039773683","main.py","1.1.7 for 2019-2020 @t1"
"e","h","","237","1616039773764","main.py","1.1.7 for 2019-2020 @t1"
"k","h",,"238","1616039773776","main.py","1.1.7 for 2019-2020 @t1"
"e"," ","","238","1616039775485","main.py","1.1.7 for 2019-2020 @t1"
"k"," ",,"239","1616039775487","main.py","1.1.7 for 2019-2020 @t1"
"a","Backspace",,,"1616039776354","main.py","1.1.7 for 2019-2020 @t1"
"e",""," ","238","1616039776359","main.py","1.1.7 for 2019-2020 @t1"
"a","Right",,,"1616039777028","main.py","1.1.7 for 2019-2020 @t1"
"e"," ","","239","1616039777383","main.py","1.1.7 for 2019-2020 @t1"
"k"," ",,"240","1616039777384","main.py","1.1.7 for 2019-2020 @t1"
"k","=",,"241","1616039778079","main.py","1.1.7 for 2019-2020 @t1"
"e","=","","240","1616039778077","main.py","1.1.7 for 2019-2020 @t1"
"e"," ","","241","1616039778246","main.py","1.1.7 for 2019-2020 @t1"
"k"," ",,"242","1616039778247","main.py","1.1.7 for 2019-2020 @t1"
"e","a","","242","1616039781027","main.py","1.1.7 for 2019-2020 @t1"
"k","a",,"243","1616039781028","main.py","1.1.7 for 2019-2020 @t1"
"e","r","","243","1616039781256","main.py","1.1.7 for 2019-2020 @t1"
"k","r",,"244","1616039781273","main.py","1.1.7 for 2019-2020 @t1"
"e","r","","244","1616039781426","main.py","1.1.7 for 2019-2020 @t1"
"k","r",,"245","1616039781438","main.py","1.1.7 for 2019-2020 @t1"
"e","[","","245","1616039781957","main.py","1.1.7 for 2019-2020 @t1"
"e","]","","246","1616039781963","main.py","1.1.7 for 2019-2020 @t1"
"k","[",,"246","1616039781964","main.py","1.1.7 for 2019-2020 @t1"
"e","h","","246","1616039782123","main.py","1.1.7 for 2019-2020 @t1"
"k","h",,"247","1616039782124","main.py","1.1.7 for 2019-2020 @t1"
"e","i","","247","1616039782286","main.py","1.1.7 for 2019-2020 @t1"
"k","i",,"248","1616039782305","main.py","1.1.7 for 2019-2020 @t1"
"e","g","","248","1616039782427","main.py","1.1.7 for 2019-2020 @t1"
"k","g",,"249","1616039782434","main.py","1.1.7 for 2019-2020 @t1"
"e","h","","249","1616039782538","main.py","1.1.7 for 2019-2020 @t1"
"k","h",,"250","1616039782554","main.py","1.1.7 for 2019-2020 @t1"
"k","]",,"251","1616039783033","main.py","1.1.7 for 2019-2020 @t1"
"e",",","","251","1616039784028","main.py","1.1.7 for 2019-2020 @t1"
"k",",",,"252","1616039784029","main.py","1.1.7 for 2019-2020 @t1"
"e"," ","","252","1616039784155","main.py","1.1.7 for 2019-2020 @t1"
"k"," ",,"253","1616039784156","main.py","1.1.7 for 2019-2020 @t1"
"e","a","","253","1616039784321","main.py","1.1.7 for 2019-2020 @t1"
"k","a",,"254","1616039784322","main.py","1.1.7 for 2019-2020 @t1"
"e","r","","254","1616039784501","main.py","1.1.7 for 2019-2020 @t1"
"k","r",,"255","1616039784518","main.py","1.1.7 for 2019-2020 @t1"
"e","r","","255","1616039784666","main.py","1.1.7 for 2019-2020 @t1"
"k","r",,"256","1616039784677","main.py","1.1.7 for 2019-2020 @t1"
"e","[","","256","1616039785518","main.py","1.1.7 for 2019-2020 @t1"
"e","]","","257","1616039785522","main.py","1.1.7 for 2019-2020 @t1"
"k","[",,"257","1616039785523","main.py","1.1.7 for 2019-2020 @t1"
"e","i","","257","1616039785717","main.py","1.1.7 for 2019-2020 @t1"
"k","i",,"258","1616039785717","main.py","1.1.7 for 2019-2020 @t1"
"e"," ","","258","1616039785912","main.py","1.1.7 for 2019-2020 @t1"
"k"," ",,"259","1616039785913","main.py","1.1.7 for 2019-2020 @t1"
"e","+","","259","1616039786493","main.py","1.1.7 for 2019-2020 @t1"
"k","+",,"260","1616039786494","main.py","1.1.7 for 2019-2020 @t1"
"e"," ","","260","1616039786724","main.py","1.1.7 for 2019-2020 @t1"
"k"," ",,"261","1616039786725","main.py","1.1.7 for 2019-2020 @t1"
"e","1","","261","1616039787012","main.py","1.1.7 for 2019-2020 @t1"
"k","1",,"262","1616039787013","main.py","1.1.7 for 2019-2020 @t1"
"k","]",,"263","1616039787408","main.py","1.1.7 for 2019-2020 @t1"
"a","Enter",,,"1616039790838","main.py","1.1.7 for 2019-2020 @t1"
"e","
    ","","263","1616039790846","main.py","1.1.7 for 2019-2020 @t1"
"e","r","","268","1616039791172","main.py","1.1.7 for 2019-2020 @t1"
"k","r",,"269","1616039791173","main.py","1.1.7 for 2019-2020 @t1"
"e","e","","269","1616039791345","main.py","1.1.7 for 2019-2020 @t1"
"k","e",,"270","1616039791359","main.py","1.1.7 for 2019-2020 @t1"
"e","t","","270","1616039791425","main.py","1.1.7 for 2019-2020 @t1"
"k","t",,"271","1616039791441","main.py","1.1.7 for 2019-2020 @t1"
"e","u","","271","1616039791494","main.py","1.1.7 for 2019-2020 @t1"
"k","u",,"272","1616039791501","main.py","1.1.7 for 2019-2020 @t1"
"e","r","","272","1616039791592","main.py","1.1.7 for 2019-2020 @t1"
"k","r",,"273","1616039791598","main.py","1.1.7 for 2019-2020 @t1"
"e","n","","273","1616039791704","main.py","1.1.7 for 2019-2020 @t1"
"k","n",,"274","1616039791716","main.py","1.1.7 for 2019-2020 @t1"
"e"," ","","274","1616039791806","main.py","1.1.7 for 2019-2020 @t1"
"k"," ",,"275","1616039791807","main.py","1.1.7 for 2019-2020 @t1"
"e","(","","275","1616039792500","main.py","1.1.7 for 2019-2020 @t1"
"e",")","","276","1616039792505","main.py","1.1.7 for 2019-2020 @t1"
"k","(",,"276","1616039792506","main.py","1.1.7 for 2019-2020 @t1"
"e","i","","276","1616039792904","main.py","1.1.7 for 2019-2020 @t1"
"k","i",,"277","1616039792905","main.py","1.1.7 for 2019-2020 @t1"
"e"," ","","277","1616039793098","main.py","1.1.7 for 2019-2020 @t1"
"k"," ",,"278","1616039793099","main.py","1.1.7 for 2019-2020 @t1"
"e","+","","278","1616039793514","main.py","1.1.7 for 2019-2020 @t1"
"k","+",,"279","1616039793515","main.py","1.1.7 for 2019-2020 @t1"
"e"," ","","279","1616039793740","main.py","1.1.7 for 2019-2020 @t1"
"k"," ",,"280","1616039793741","main.py","1.1.7 for 2019-2020 @t1"
"e","1","","280","1616039795085","main.py","1.1.7 for 2019-2020 @t1"
"k","1",,"281","1616039795086","main.py","1.1.7 for 2019-2020 @t1"
"k",")",,"282","1616039795510","main.py","1.1.7 for 2019-2020 @t1"
"a","Enter",,,"1616039801695","main.py","1.1.7 for 2019-2020 @t1"
"e","
    ","","282","1616039801700","main.py","1.1.7 for 2019-2020 @t1"
"e","","    ","283","1616039801710","main.py","1.1.7 for 2019-2020 @t1"
"a","Enter",,,"1616039801861","main.py","1.1.7 for 2019-2020 @t1"
"e","
","","283","1616039801867","main.py","1.1.7 for 2019-2020 @t1"
"e","d","","284","1616039802530","main.py","1.1.7 for 2019-2020 @t1"
"k","d",,"285","1616039802531","main.py","1.1.7 for 2019-2020 @t1"
"e","e","","285","1616039802752","main.py","1.1.7 for 2019-2020 @t1"
"k","e",,"286","1616039802768","main.py","1.1.7 for 2019-2020 @t1"
"e","f","","286","1616039803006","main.py","1.1.7 for 2019-2020 @t1"
"k","f",,"287","1616039803036","main.py","1.1.7 for 2019-2020 @t1"
"e"," ","","287","1616039803217","main.py","1.1.7 for 2019-2020 @t1"
"k"," ",,"288","1616039803218","main.py","1.1.7 for 2019-2020 @t1"
"e","q","","288","1616039803444","main.py","1.1.7 for 2019-2020 @t1"
"k","q",,"289","1616039803445","main.py","1.1.7 for 2019-2020 @t1"
"e","u","","289","1616039803558","main.py","1.1.7 for 2019-2020 @t1"
"k","u",,"290","1616039803559","main.py","1.1.7 for 2019-2020 @t1"
"e","i","","290","1616039803673","main.py","1.1.7 for 2019-2020 @t1"
"k","i",,"291","1616039803674","main.py","1.1.7 for 2019-2020 @t1"
"e","c","","291","1616039803771","main.py","1.1.7 for 2019-2020 @t1"
"k","c",,"292","1616039803772","main.py","1.1.7 for 2019-2020 @t1"
"e","k","","292","1616039803875","main.py","1.1.7 for 2019-2020 @t1"
"k","k",,"293","1616039803876","main.py","1.1.7 for 2019-2020 @t1"
"e","S","","293","1616039804443","main.py","1.1.7 for 2019-2020 @t1"
"k","S",,"294","1616039804444","main.py","1.1.7 for 2019-2020 @t1"
"e","o","","294","1616039804644","main.py","1.1.7 for 2019-2020 @t1"
"k","o",,"295","1616039804645","main.py","1.1.7 for 2019-2020 @t1"
"e","r","","295","1616039804745","main.py","1.1.7 for 2019-2020 @t1"
"k","r",,"296","1616039804746","main.py","1.1.7 for 2019-2020 @t1"
"e","t","","296","1616039804920","main.py","1.1.7 for 2019-2020 @t1"
"k","t",,"297","1616039804921","main.py","1.1.7 for 2019-2020 @t1"
"e","(","","297","1616039805310","main.py","1.1.7 for 2019-2020 @t1"
"e",")","","298","1616039805314","main.py","1.1.7 for 2019-2020 @t1"
"k","(",,"298","1616039805314","main.py","1.1.7 for 2019-2020 @t1"
"e","a","","298","1616039807368","main.py","1.1.7 for 2019-2020 @t1"
"k","a",,"299","1616039807368","main.py","1.1.7 for 2019-2020 @t1"
"e","r","","299","1616039807571","main.py","1.1.7 for 2019-2020 @t1"
"k","r",,"300","1616039807572","main.py","1.1.7 for 2019-2020 @t1"
"e","r","","300","1616039807737","main.py","1.1.7 for 2019-2020 @t1"
"k","r",,"301","1616039807738","main.py","1.1.7 for 2019-2020 @t1"
"e",",","","301","1616039808126","main.py","1.1.7 for 2019-2020 @t1"
"k",",",,"302","1616039808127","main.py","1.1.7 for 2019-2020 @t1"
"e"," ","","302","1616039808245","main.py","1.1.7 for 2019-2020 @t1"
"k"," ",,"303","1616039808246","main.py","1.1.7 for 2019-2020 @t1"
"e","l","","303","1616039808425","main.py","1.1.7 for 2019-2020 @t1"
"k","l",,"304","1616039808425","main.py","1.1.7 for 2019-2020 @t1"
"e","o","","304","1616039808578","main.py","1.1.7 for 2019-2020 @t1"
"k","o",,"305","1616039808579","main.py","1.1.7 for 2019-2020 @t1"
"e","w","","305","1616039808683","main.py","1.1.7 for 2019-2020 @t1"
"k","w",,"306","1616039808684","main.py","1.1.7 for 2019-2020 @t1"
"e",",","","306","1616039808834","main.py","1.1.7 for 2019-2020 @t1"
"k",",",,"307","1616039808835","main.py","1.1.7 for 2019-2020 @t1"
"e"," ","","307","1616039808951","main.py","1.1.7 for 2019-2020 @t1"
"k"," ",,"308","1616039808952","main.py","1.1.7 for 2019-2020 @t1"
"e","h","","308","1616039809121","main.py","1.1.7 for 2019-2020 @t1"
"k","h",,"309","1616039809122","main.py","1.1.7 for 2019-2020 @t1"
"e","i","","309","1616039809200","main.py","1.1.7 for 2019-2020 @t1"
"k","i",,"310","1616039809202","main.py","1.1.7 for 2019-2020 @t1"
"e","g","","310","1616039809303","main.py","1.1.7 for 2019-2020 @t1"
"k","g",,"311","1616039809304","main.py","1.1.7 for 2019-2020 @t1"
"e","h","","311","1616039809392","main.py","1.1.7 for 2019-2020 @t1"
"k","h",,"312","1616039809393","main.py","1.1.7 for 2019-2020 @t1"
"k",")",,"313","1616039810224","main.py","1.1.7 for 2019-2020 @t1"
"a","Enter",,,"1616039810927","main.py","1.1.7 for 2019-2020 @t1"
"e","
","","313","1616039810933","main.py","1.1.7 for 2019-2020 @t1"
"e","    ","","314","1616039810940","main.py","1.1.7 for 2019-2020 @t1"
"a","Backspace",,,"1616039811777","main.py","1.1.7 for 2019-2020 @t1"
"e",""," ","317","1616039811782","main.py","1.1.7 for 2019-2020 @t1"
"e","","   ","314","1616039811786","main.py","1.1.7 for 2019-2020 @t1"
"a","Backspace",,,"1616039812003","main.py","1.1.7 for 2019-2020 @t1"
"e","","
","313","1616039812008","main.py","1.1.7 for 2019-2020 @t1"
"e",":","","313","1616039812619","main.py","1.1.7 for 2019-2020 @t1"
"k",":",,"314","1616039812620","main.py","1.1.7 for 2019-2020 @t1"
"a","Enter",,,"1616039813000","main.py","1.1.7 for 2019-2020 @t1"
"e","
","","314","1616039813004","main.py","1.1.7 for 2019-2020 @t1"
"e","    ","","315","1616039813012","main.py","1.1.7 for 2019-2020 @t1"
"e","i","","319","1616039816916","main.py","1.1.7 for 2019-2020 @t1"
"k","i",,"320","1616039816917","main.py","1.1.7 for 2019-2020 @t1"
"e","f","","320","1616039816989","main.py","1.1.7 for 2019-2020 @t1"
"k","f",,"321","1616039816990","main.py","1.1.7 for 2019-2020 @t1"
"e"," ","","321","1616039817059","main.py","1.1.7 for 2019-2020 @t1"
"k"," ",,"322","1616039817060","main.py","1.1.7 for 2019-2020 @t1"
"e","(","","322","1616039817238","main.py","1.1.7 for 2019-2020 @t1"
"e",")","","323","1616039817242","main.py","1.1.7 for 2019-2020 @t1"
"k","(",,"323","1616039817242","main.py","1.1.7 for 2019-2020 @t1"
"e","l","","323","1616039817475","main.py","1.1.7 for 2019-2020 @t1"
"k","l",,"324","1616039817476","main.py","1.1.7 for 2019-2020 @t1"
"e","e","","324","1616039817633","main.py","1.1.7 for 2019-2020 @t1"
"k","e",,"325","1616039817648","main.py","1.1.7 for 2019-2020 @t1"
"e","n","","325","1616039817685","main.py","1.1.7 for 2019-2020 @t1"
"k","n",,"326","1616039817697","main.py","1.1.7 for 2019-2020 @t1"
"e","(","","326","1616039820009","main.py","1.1.7 for 2019-2020 @t1"
"e",")","","328","1616039820014","main.py","1.1.7 for 2019-2020 @t1"
"k","(",,"327","1616039820016","main.py","1.1.7 for 2019-2020 @t1"
"e","a","","327","1616039820258","main.py","1.1.7 for 2019-2020 @t1"
"k","a",,"328","1616039820259","main.py","1.1.7 for 2019-2020 @t1"
"e","r","","328","1616039820425","main.py","1.1.7 for 2019-2020 @t1"
"k","r",,"329","1616039820446","main.py","1.1.7 for 2019-2020 @t1"
"e","r","","329","1616039820549","main.py","1.1.7 for 2019-2020 @t1"
"k","r",,"330","1616039820568","main.py","1.1.7 for 2019-2020 @t1"
"k",")",,"331","1616039821780","main.py","1.1.7 for 2019-2020 @t1"
"e"," ","","331","1616039822080","main.py","1.1.7 for 2019-2020 @t1"
"k"," ",,"332","1616039822081","main.py","1.1.7 for 2019-2020 @t1"
"e","=","","332","1616039822958","main.py","1.1.7 for 2019-2020 @t1"
"k","=",,"333","1616039822959","main.py","1.1.7 for 2019-2020 @t1"
"e","=","","332","1616039823082","main.py","1.1.7 for 2019-2020 @t1"
"k","=",,"334","1616039823083","main.py","1.1.7 for 2019-2020 @t1"
"e"," ","","334","1616039823298","main.py","1.1.7 for 2019-2020 @t1"
"k"," ",,"335","1616039823299","main.py","1.1.7 for 2019-2020 @t1"
"e","1","","335","1616039823753","main.py","1.1.7 for 2019-2020 @t1"
"k","1",,"336","1616039823754","main.py","1.1.7 for 2019-2020 @t1"
"k",")",,"337","1616039824161","main.py","1.1.7 for 2019-2020 @t1"
"e",":","","337","1616039826864","main.py","1.1.7 for 2019-2020 @t1"
"k",":",,"338","1616039826865","main.py","1.1.7 for 2019-2020 @t1"
"a","Enter",,,"1616039827121","main.py","1.1.7 for 2019-2020 @t1"
"e","
    ","","338","1616039827126","main.py","1.1.7 for 2019-2020 @t1"
"e","    ","","343","1616039827134","main.py","1.1.7 for 2019-2020 @t1"
"e","r","","347","1616039827408","main.py","1.1.7 for 2019-2020 @t1"
"k","r",,"348","1616039827409","main.py","1.1.7 for 2019-2020 @t1"
"e","e","","348","1616039827563","main.py","1.1.7 for 2019-2020 @t1"
"k","e",,"349","1616039827577","main.py","1.1.7 for 2019-2020 @t1"
"e","t","","349","1616039827660","main.py","1.1.7 for 2019-2020 @t1"
"k","t",,"350","1616039827671","main.py","1.1.7 for 2019-2020 @t1"
"e","u","","350","1616039827713","main.py","1.1.7 for 2019-2020 @t1"
"k","u",,"351","1616039827723","main.py","1.1.7 for 2019-2020 @t1"
"e","r","","351","1616039827817","main.py","1.1.7 for 2019-2020 @t1"
"k","r",,"352","1616039827825","main.py","1.1.7 for 2019-2020 @t1"
"e","n","","352","1616039827940","main.py","1.1.7 for 2019-2020 @t1"
"k","n",,"353","1616039827956","main.py","1.1.7 for 2019-2020 @t1"
"e"," ","","353","1616039828033","main.py","1.1.7 for 2019-2020 @t1"
"k"," ",,"354","1616039828036","main.py","1.1.7 for 2019-2020 @t1"
"e","a","","354","1616039828128","main.py","1.1.7 for 2019-2020 @t1"
"k","a",,"355","1616039828129","main.py","1.1.7 for 2019-2020 @t1"
"e","r","","355","1616039828273","main.py","1.1.7 for 2019-2020 @t1"
"k","r",,"356","1616039828308","main.py","1.1.7 for 2019-2020 @t1"
"e","r","","356","1616039828417","main.py","1.1.7 for 2019-2020 @t1"
"k","r",,"357","1616039828438","main.py","1.1.7 for 2019-2020 @t1"
"a","Choose Lookup Item",,,"1616039829465","main.py","1.1.7 for 2019-2020 @t1"
"a","Enter",,,"1616039829946","main.py","1.1.7 for 2019-2020 @t1"
"e","
        ","","357","1616039829951","main.py","1.1.7 for 2019-2020 @t1"
"e","","    ","362","1616039829963","main.py","1.1.7 for 2019-2020 @t1"
"e","i","","362","1616039832811","main.py","1.1.7 for 2019-2020 @t1"
"k","i",,"363","1616039832812","main.py","1.1.7 for 2019-2020 @t1"
"e","f","","363","1616039832898","main.py","1.1.7 for 2019-2020 @t1"
"k","f",,"364","1616039832901","main.py","1.1.7 for 2019-2020 @t1"
"e"," ","","364","1616039833026","main.py","1.1.7 for 2019-2020 @t1"
"k"," ",,"365","1616039833027","main.py","1.1.7 for 2019-2020 @t1"
"e","l","","365","1616039833925","main.py","1.1.7 for 2019-2020 @t1"
"k","l",,"366","1616039833925","main.py","1.1.7 for 2019-2020 @t1"
"e","o","","366","1616039834176","main.py","1.1.7 for 2019-2020 @t1"
"k","o",,"367","1616039834186","main.py","1.1.7 for 2019-2020 @t1"
"e","w","","367","1616039834332","main.py","1.1.7 for 2019-2020 @t1"
"k","w",,"368","1616039834361","main.py","1.1.7 for 2019-2020 @t1"
"e"," ","","368","1616039834595","main.py","1.1.7 for 2019-2020 @t1"
"k"," ",,"369","1616039834595","main.py","1.1.7 for 2019-2020 @t1"
"e","<","","369","1616039834859","main.py","1.1.7 for 2019-2020 @t1"
"k","<",,"370","1616039834860","main.py","1.1.7 for 2019-2020 @t1"
"e"," ","","370","1616039835014","main.py","1.1.7 for 2019-2020 @t1"
"k"," ",,"371","1616039835015","main.py","1.1.7 for 2019-2020 @t1"
"e","h","","371","1616039835209","main.py","1.1.7 for 2019-2020 @t1"
"k","h",,"372","1616039835210","main.py","1.1.7 for 2019-2020 @t1"
"e","i","","372","1616039835344","main.py","1.1.7 for 2019-2020 @t1"
"k","i",,"373","1616039835362","main.py","1.1.7 for 2019-2020 @t1"
"e","g","","373","1616039835432","main.py","1.1.7 for 2019-2020 @t1"
"k","g",,"374","1616039835442","main.py","1.1.7 for 2019-2020 @t1"
"e","h","","374","1616039835527","main.py","1.1.7 for 2019-2020 @t1"
"k","h",,"375","1616039835540","main.py","1.1.7 for 2019-2020 @t1"
"e",":","","375","1616039836088","main.py","1.1.7 for 2019-2020 @t1"
"k",":",,"376","1616039836089","main.py","1.1.7 for 2019-2020 @t1"
"a","Enter",,,"1616039836337","main.py","1.1.7 for 2019-2020 @t1"
"e","
    ","","376","1616039836343","main.py","1.1.7 for 2019-2020 @t1"
"e","    ","","381","1616039836350","main.py","1.1.7 for 2019-2020 @t1"
"e","p","","385","1616039839614","main.py","1.1.7 for 2019-2020 @t1"
"k","p",,"386","1616039839615","main.py","1.1.7 for 2019-2020 @t1"
"e","i","","386","1616039839776","main.py","1.1.7 for 2019-2020 @t1"
"k","i",,"387","1616039839788","main.py","1.1.7 for 2019-2020 @t1"
"e"," ","","387","1616039839881","main.py","1.1.7 for 2019-2020 @t1"
"k"," ",,"388","1616039839882","main.py","1.1.7 for 2019-2020 @t1"
"e","=","","388","1616039840617","main.py","1.1.7 for 2019-2020 @t1"
"k","=",,"389","1616039840617","main.py","1.1.7 for 2019-2020 @t1"
"e"," ","","389","1616039840782","main.py","1.1.7 for 2019-2020 @t1"
"k"," ",,"390","1616039840783","main.py","1.1.7 for 2019-2020 @t1"
"e","p","","390","1616039841024","main.py","1.1.7 for 2019-2020 @t1"
"k","p",,"391","1616039841025","main.py","1.1.7 for 2019-2020 @t1"
"e","a","","391","1616039841170","main.py","1.1.7 for 2019-2020 @t1"
"k","a",,"392","1616039841186","main.py","1.1.7 for 2019-2020 @t1"
"e","r","","392","1616039841276","main.py","1.1.7 for 2019-2020 @t1"
"k","r",,"393","1616039841282","main.py","1.1.7 for 2019-2020 @t1"
"e","t","","393","1616039841538","main.py","1.1.7 for 2019-2020 @t1"
"k","t",,"394","1616039841545","main.py","1.1.7 for 2019-2020 @t1"
"a","Choose Lookup Item",,,"1616039841850","main.py","1.1.7 for 2019-2020 @t1"
"e","ition","","394","1616039841858","main.py","1.1.7 for 2019-2020 @t1"
"e","(","","399","1616039841882","main.py","1.1.7 for 2019-2020 @t1"
"e",")","","400","1616039841886","main.py","1.1.7 for 2019-2020 @t1"
"e","a","","400","1616039844731","main.py","1.1.7 for 2019-2020 @t1"
"k","a",,"401","1616039844733","main.py","1.1.7 for 2019-2020 @t1"
"e","r","","401","1616039844908","main.py","1.1.7 for 2019-2020 @t1"
"k","r",,"402","1616039844920","main.py","1.1.7 for 2019-2020 @t1"
"e","r","","402","1616039845046","main.py","1.1.7 for 2019-2020 @t1"
"k","r",,"403","1616039845058","main.py","1.1.7 for 2019-2020 @t1"
"e",",","","403","1616039845205","main.py","1.1.7 for 2019-2020 @t1"
"k",",",,"404","1616039845206","main.py","1.1.7 for 2019-2020 @t1"
"e"," ","","404","1616039845289","main.py","1.1.7 for 2019-2020 @t1"
"k"," ",,"405","1616039845290","main.py","1.1.7 for 2019-2020 @t1"
"e","l","","405","1616039845475","main.py","1.1.7 for 2019-2020 @t1"
"k","l",,"406","1616039845476","main.py","1.1.7 for 2019-2020 @t1"
"e","o","","406","1616039845653","main.py","1.1.7 for 2019-2020 @t1"
"k","o",,"407","1616039845666","main.py","1.1.7 for 2019-2020 @t1"
"e","w","","407","1616039846133","main.py","1.1.7 for 2019-2020 @t1"
"k","w",,"408","1616039846144","main.py","1.1.7 for 2019-2020 @t1"
"e",",","","408","1616039846270","main.py","1.1.7 for 2019-2020 @t1"
"k",",",,"409","1616039846271","main.py","1.1.7 for 2019-2020 @t1"
"e"," ","","409","1616039846358","main.py","1.1.7 for 2019-2020 @t1"
"k"," ",,"410","1616039846358","main.py","1.1.7 for 2019-2020 @t1"
"e","h","","410","1616039846559","main.py","1.1.7 for 2019-2020 @t1"
"k","h",,"411","1616039846560","main.py","1.1.7 for 2019-2020 @t1"
"e","i","","411","1616039846628","main.py","1.1.7 for 2019-2020 @t1"
"k","i",,"412","1616039846629","main.py","1.1.7 for 2019-2020 @t1"
"e","g","","412","1616039846762","main.py","1.1.7 for 2019-2020 @t1"
"k","g",,"413","1616039846768","main.py","1.1.7 for 2019-2020 @t1"
"e","h","","413","1616039846826","main.py","1.1.7 for 2019-2020 @t1"
"k","h",,"414","1616039846831","main.py","1.1.7 for 2019-2020 @t1"
"k",")",,"415","1616039847032","main.py","1.1.7 for 2019-2020 @t1"
"a","Enter",,,"1616039853990","main.py","1.1.7 for 2019-2020 @t1"
"e","
        ","","415","1616039853995","main.py","1.1.7 for 2019-2020 @t1"
"a","Enter",,,"1616039854690","main.py","1.1.7 for 2019-2020 @t1"
"e","
        ","","424","1616039854695","main.py","1.1.7 for 2019-2020 @t1"
"e","q","","433","1616039855567","main.py","1.1.7 for 2019-2020 @t1"
"k","q",,"434","1616039855568","main.py","1.1.7 for 2019-2020 @t1"
"e","u","","434","1616039855688","main.py","1.1.7 for 2019-2020 @t1"
"k","u",,"435","1616039855695","main.py","1.1.7 for 2019-2020 @t1"
"e","i","","435","1616039855812","main.py","1.1.7 for 2019-2020 @t1"
"k","i",,"436","1616039855818","main.py","1.1.7 for 2019-2020 @t1"
"e","c","","436","1616039855948","main.py","1.1.7 for 2019-2020 @t1"
"k","c",,"437","1616039855959","main.py","1.1.7 for 2019-2020 @t1"
"e","k","","437","1616039856062","main.py","1.1.7 for 2019-2020 @t1"
"k","k",,"438","1616039856067","main.py","1.1.7 for 2019-2020 @t1"
"a","Choose Lookup Item",,,"1616039856628","main.py","1.1.7 for 2019-2020 @t1"
"e","Sort","","438","1616039856637","main.py","1.1.7 for 2019-2020 @t1"
"e","(","","442","1616039856650","main.py","1.1.7 for 2019-2020 @t1"
"e",")","","443","1616039856654","main.py","1.1.7 for 2019-2020 @t1"
"e","(","","443","1616039856975","main.py","1.1.7 for 2019-2020 @t1"
"e",")","","445","1616039856979","main.py","1.1.7 for 2019-2020 @t1"
"k","(",,"444","1616039856979","main.py","1.1.7 for 2019-2020 @t1"
"e","a","","444","1616039857285","main.py","1.1.7 for 2019-2020 @t1"
"k","a",,"445","1616039857286","main.py","1.1.7 for 2019-2020 @t1"
"e","r","","445","1616039857441","main.py","1.1.7 for 2019-2020 @t1"
"k","r",,"446","1616039857453","main.py","1.1.7 for 2019-2020 @t1"
"e","r","","446","1616039857584","main.py","1.1.7 for 2019-2020 @t1"
"k","r",,"447","1616039857596","main.py","1.1.7 for 2019-2020 @t1"
"a","Backspace",,,"1616039858145","main.py","1.1.7 for 2019-2020 @t1"
"e","","r","446","1616039858150","main.py","1.1.7 for 2019-2020 @t1"
"a","Backspace",,,"1616039858328","main.py","1.1.7 for 2019-2020 @t1"
"e","","r","445","1616039858334","main.py","1.1.7 for 2019-2020 @t1"
"a","Backspace",,,"1616039858510","main.py","1.1.7 for 2019-2020 @t1"
"e","","a","444","1616039858514","main.py","1.1.7 for 2019-2020 @t1"
"a","Backspace",,,"1616039858705","main.py","1.1.7 for 2019-2020 @t1"
"e","","(","443","1616039858710","main.py","1.1.7 for 2019-2020 @t1"
"e","",")","444","1616039858714","main.py","1.1.7 for 2019-2020 @t1"
"e","a","","443","1616039859016","main.py","1.1.7 for 2019-2020 @t1"
"k","a",,"444","1616039859017","main.py","1.1.7 for 2019-2020 @t1"
"e","r","","444","1616039859506","main.py","1.1.7 for 2019-2020 @t1"
"k","r",,"445","1616039859521","main.py","1.1.7 for 2019-2020 @t1"
"e","r","","445","1616039859648","main.py","1.1.7 for 2019-2020 @t1"
"k","r",,"446","1616039859660","main.py","1.1.7 for 2019-2020 @t1"
"e",",","","446","1616039859849","main.py","1.1.7 for 2019-2020 @t1"
"k",",",,"447","1616039859850","main.py","1.1.7 for 2019-2020 @t1"
"e"," ","","447","1616039859966","main.py","1.1.7 for 2019-2020 @t1"
"k"," ",,"448","1616039859966","main.py","1.1.7 for 2019-2020 @t1"
"e","l","","448","1616039862846","main.py","1.1.7 for 2019-2020 @t1"
"k","l",,"449","1616039862848","main.py","1.1.7 for 2019-2020 @t1"
"e","o","","449","1616039863041","main.py","1.1.7 for 2019-2020 @t1"
"k","o",,"450","1616039863054","main.py","1.1.7 for 2019-2020 @t1"
"e","w","","450","1616039863182","main.py","1.1.7 for 2019-2020 @t1"
"k","w",,"451","1616039863197","main.py","1.1.7 for 2019-2020 @t1"
"e",",","","451","1616039863340","main.py","1.1.7 for 2019-2020 @t1"
"k",",",,"452","1616039863341","main.py","1.1.7 for 2019-2020 @t1"
"e"," ","","452","1616039863460","main.py","1.1.7 for 2019-2020 @t1"
"k"," ",,"453","1616039863461","main.py","1.1.7 for 2019-2020 @t1"
"e","p","","453","1616039865974","main.py","1.1.7 for 2019-2020 @t1"
"k","p",,"454","1616039865975","main.py","1.1.7 for 2019-2020 @t1"
"e","i","","454","1616039866173","main.py","1.1.7 for 2019-2020 @t1"
"k","i",,"455","1616039866189","main.py","1.1.7 for 2019-2020 @t1"
"e"," ","","455","1616039866373","main.py","1.1.7 for 2019-2020 @t1"
"k"," ",,"456","1616039866374","main.py","1.1.7 for 2019-2020 @t1"
"e","-","","456","1616039866865","main.py","1.1.7 for 2019-2020 @t1"
"k","-",,"457","1616039866867","main.py","1.1.7 for 2019-2020 @t1"
"e"," ","","457","1616039866999","main.py","1.1.7 for 2019-2020 @t1"
"k"," ",,"458","1616039867000","main.py","1.1.7 for 2019-2020 @t1"
"e","1","","458","1616039867401","main.py","1.1.7 for 2019-2020 @t1"
"k","1",,"459","1616039867402","main.py","1.1.7 for 2019-2020 @t1"
"k",")",,"460","1616039867959","main.py","1.1.7 for 2019-2020 @t1"
"a","Enter",,,"1616039868766","main.py","1.1.7 for 2019-2020 @t1"
"e","
        ","","460","1616039868797","main.py","1.1.7 for 2019-2020 @t1"
"e","q","","469","1616039873520","main.py","1.1.7 for 2019-2020 @t1"
"k","q",,"470","1616039873521","main.py","1.1.7 for 2019-2020 @t1"
"e","u","","470","1616039873664","main.py","1.1.7 for 2019-2020 @t1"
"k","u",,"471","1616039873673","main.py","1.1.7 for 2019-2020 @t1"
"e","i","","471","1616039873763","main.py","1.1.7 for 2019-2020 @t1"
"k","i",,"472","1616039873771","main.py","1.1.7 for 2019-2020 @t1"
"e","c","","472","1616039873877","main.py","1.1.7 for 2019-2020 @t1"
"k","c",,"473","1616039873889","main.py","1.1.7 for 2019-2020 @t1"
"e","k","","473","1616039874000","main.py","1.1.7 for 2019-2020 @t1"
"k","k",,"474","1616039874007","main.py","1.1.7 for 2019-2020 @t1"
"a","Choose Lookup Item",,,"1616039874546","main.py","1.1.7 for 2019-2020 @t1"
"e","Sort","","474","1616039874554","main.py","1.1.7 for 2019-2020 @t1"
"e","(","","478","1616039874570","main.py","1.1.7 for 2019-2020 @t1"
"e",")","","479","1616039874573","main.py","1.1.7 for 2019-2020 @t1"
"e","(","","479","1616039874861","main.py","1.1.7 for 2019-2020 @t1"
"e",")","","481","1616039874865","main.py","1.1.7 for 2019-2020 @t1"
"k","(",,"480","1616039874865","main.py","1.1.7 for 2019-2020 @t1"
"e","a","","480","1616039875165","main.py","1.1.7 for 2019-2020 @t1"
"k","a",,"481","1616039875166","main.py","1.1.7 for 2019-2020 @t1"
"e","r","","481","1616039875382","main.py","1.1.7 for 2019-2020 @t1"
"k","r",,"482","1616039875396","main.py","1.1.7 for 2019-2020 @t1"
"a","Backspace",,,"1616039875584","main.py","1.1.7 for 2019-2020 @t1"
"e","","r","481","1616039875589","main.py","1.1.7 for 2019-2020 @t1"
"a","Backspace",,,"1616039875758","main.py","1.1.7 for 2019-2020 @t1"
"e","","a","480","1616039875763","main.py","1.1.7 for 2019-2020 @t1"
"a","Backspace",,,"1616039875969","main.py","1.1.7 for 2019-2020 @t1"
"e","","(","479","1616039875973","main.py","1.1.7 for 2019-2020 @t1"
"e","",")","480","1616039875977","main.py","1.1.7 for 2019-2020 @t1"
"e","a","","479","1616039876395","main.py","1.1.7 for 2019-2020 @t1"
"k","a",,"480","1616039876396","main.py","1.1.7 for 2019-2020 @t1"
"e","r","","480","1616039876552","main.py","1.1.7 for 2019-2020 @t1"
"k","r",,"481","1616039876573","main.py","1.1.7 for 2019-2020 @t1"
"e","r","","481","1616039876676","main.py","1.1.7 for 2019-2020 @t1"
"k","r",,"482","1616039876700","main.py","1.1.7 for 2019-2020 @t1"
"e",",","","482","1616039876858","main.py","1.1.7 for 2019-2020 @t1"
"k",",",,"483","1616039876860","main.py","1.1.7 for 2019-2020 @t1"
"e"," ","","483","1616039876953","main.py","1.1.7 for 2019-2020 @t1"
"k"," ",,"484","1616039876954","main.py","1.1.7 for 2019-2020 @t1"
"e","p","","484","1616039879551","main.py","1.1.7 for 2019-2020 @t1"
"k","p",,"485","1616039879552","main.py","1.1.7 for 2019-2020 @t1"
"e","i","","485","1616039879734","main.py","1.1.7 for 2019-2020 @t1"
"k","i",,"486","1616039879746","main.py","1.1.7 for 2019-2020 @t1"
"e"," ","","486","1616039879984","main.py","1.1.7 for 2019-2020 @t1"
"k"," ",,"487","1616039879985","main.py","1.1.7 for 2019-2020 @t1"
"e","+","","487","1616039880504","main.py","1.1.7 for 2019-2020 @t1"
"k","+",,"488","1616039880505","main.py","1.1.7 for 2019-2020 @t1"
"e"," ","","488","1616039880744","main.py","1.1.7 for 2019-2020 @t1"
"k"," ",,"489","1616039880744","main.py","1.1.7 for 2019-2020 @t1"
"e","1","","489","1616039881129","main.py","1.1.7 for 2019-2020 @t1"
"k","1",,"490","1616039881130","main.py","1.1.7 for 2019-2020 @t1"
"e",",","","490","1616039881767","main.py","1.1.7 for 2019-2020 @t1"
"k",",",,"491","1616039881768","main.py","1.1.7 for 2019-2020 @t1"
"e"," ","","491","1616039881896","main.py","1.1.7 for 2019-2020 @t1"
"k"," ",,"492","1616039881897","main.py","1.1.7 for 2019-2020 @t1"
"e","h","","492","1616039882330","main.py","1.1.7 for 2019-2020 @t1"
"k","h",,"493","1616039882331","main.py","1.1.7 for 2019-2020 @t1"
"e","i","","493","1616039882496","main.py","1.1.7 for 2019-2020 @t1"
"k","i",,"494","1616039882513","main.py","1.1.7 for 2019-2020 @t1"
"e","g","","494","1616039882604","main.py","1.1.7 for 2019-2020 @t1"
"k","g",,"495","1616039882611","main.py","1.1.7 for 2019-2020 @t1"
"e","h","","495","1616039882707","main.py","1.1.7 for 2019-2020 @t1"
"k","h",,"496","1616039882714","main.py","1.1.7 for 2019-2020 @t1"
"k",")",,"497","1616039883474","main.py","1.1.7 for 2019-2020 @t1"
"a","Enter",,,"1616039894451","main.py","1.1.7 for 2019-2020 @t1"
"e","
        ","","497","1616039894457","main.py","1.1.7 for 2019-2020 @t1"
"a","Enter",,,"1616039894847","main.py","1.1.7 for 2019-2020 @t1"
"e","
        ","","506","1616039894852","main.py","1.1.7 for 2019-2020 @t1"
"a","Backspace",,,"1616039895466","main.py","1.1.7 for 2019-2020 @t1"
"e",""," ","514","1616039895471","main.py","1.1.7 for 2019-2020 @t1"
"e","","   ","511","1616039895475","main.py","1.1.7 for 2019-2020 @t1"
"a","Backspace",,,"1616039895877","main.py","1.1.7 for 2019-2020 @t1"
"e",""," ","510","1616039895881","main.py","1.1.7 for 2019-2020 @t1"
"e","","   ","507","1616039895885","main.py","1.1.7 for 2019-2020 @t1"
"e","m","","507","1616039919352","main.py","1.1.7 for 2019-2020 @t1"
"k","m",,"508","1616039919352","main.py","1.1.7 for 2019-2020 @t1"
"e","y","","508","1616039919523","main.py","1.1.7 for 2019-2020 @t1"
"k","y",,"509","1616039919552","main.py","1.1.7 for 2019-2020 @t1"
"e","A","","509","1616039920038","main.py","1.1.7 for 2019-2020 @t1"
"k","A",,"510","1616039920039","main.py","1.1.7 for 2019-2020 @t1"
"e","r","","510","1616039920820","main.py","1.1.7 for 2019-2020 @t1"
"k","r",,"511","1616039920821","main.py","1.1.7 for 2019-2020 @t1"
"e","r","","511","1616039920976","main.py","1.1.7 for 2019-2020 @t1"
"k","r",,"512","1616039920977","main.py","1.1.7 for 2019-2020 @t1"
"e"," ","","512","1616039921572","main.py","1.1.7 for 2019-2020 @t1"
"k"," ",,"513","1616039921573","main.py","1.1.7 for 2019-2020 @t1"
"e","=","","513","1616039922280","main.py","1.1.7 for 2019-2020 @t1"
"k","=",,"514","1616039922281","main.py","1.1.7 for 2019-2020 @t1"
"e"," ","","514","1616039922696","main.py","1.1.7 for 2019-2020 @t1"
"k"," ",,"515","1616039922698","main.py","1.1.7 for 2019-2020 @t1"
"a","Enter",,,"1616039925910","main.py","1.1.7 for 2019-2020 @t1"
"e","
","","0","1616039925917","main.py","1.1.7 for 2019-2020 @t1"
"a","Enter",,,"1616039926195","main.py","1.1.7 for 2019-2020 @t1"
"e","
","","0","1616039926201","main.py","1.1.7 for 2019-2020 @t1"
"a","Up",,,"1616039926931","main.py","1.1.7 for 2019-2020 @t1"
"a","Up",,,"1616039927113","main.py","1.1.7 for 2019-2020 @t1"
"e","f","","0","1616039949447","main.py","1.1.7 for 2019-2020 @t1"
"k","f",,"1","1616039949450","main.py","1.1.7 for 2019-2020 @t1"
"e","r","","1","1616039949603","main.py","1.1.7 for 2019-2020 @t1"
"k","r",,"2","1616039949605","main.py","1.1.7 for 2019-2020 @t1"
"e","o","","2","1616039949689","main.py","1.1.7 for 2019-2020 @t1"
"k","o",,"3","1616039949696","main.py","1.1.7 for 2019-2020 @t1"
"e","m","","3","1616039949773","main.py","1.1.7 for 2019-2020 @t1"
"k","m",,"4","1616039949804","main.py","1.1.7 for 2019-2020 @t1"
"e"," ","","4","1616039949861","main.py","1.1.7 for 2019-2020 @t1"
"k"," ",,"5","1616039949862","main.py","1.1.7 for 2019-2020 @t1"
"e","n","","5","1616039950089","main.py","1.1.7 for 2019-2020 @t1"
"k","n",,"6","1616039950089","main.py","1.1.7 for 2019-2020 @t1"
"e","u","","6","1616039950285","main.py","1.1.7 for 2019-2020 @t1"
"k","u",,"7","1616039950286","main.py","1.1.7 for 2019-2020 @t1"
"e","m","","7","1616039950496","main.py","1.1.7 for 2019-2020 @t1"
"k","m",,"8","1616039950502","main.py","1.1.7 for 2019-2020 @t1"
"e","p","","8","1616039951075","main.py","1.1.7 for 2019-2020 @t1"
"k","p",,"9","1616039951102","main.py","1.1.7 for 2019-2020 @t1"
"e","y","","9","1616039951248","main.py","1.1.7 for 2019-2020 @t1"
"k","y",,"10","1616039951249","main.py","1.1.7 for 2019-2020 @t1"
"e"," ","","10","1616039951396","main.py","1.1.7 for 2019-2020 @t1"
"k"," ",,"11","1616039951397","main.py","1.1.7 for 2019-2020 @t1"
"e","i","","11","1616039951593","main.py","1.1.7 for 2019-2020 @t1"
"k","i",,"12","1616039951595","main.py","1.1.7 for 2019-2020 @t1"
"e","m","","12","1616039951711","main.py","1.1.7 for 2019-2020 @t1"
"k","m",,"13","1616039951736","main.py","1.1.7 for 2019-2020 @t1"
"e","p","","13","1616039951838","main.py","1.1.7 for 2019-2020 @t1"
"k","p",,"14","1616039951844","main.py","1.1.7 for 2019-2020 @t1"
"e","o","","14","1616039951917","main.py","1.1.7 for 2019-2020 @t1"
"k","o",,"15","1616039951923","main.py","1.1.7 for 2019-2020 @t1"
"e","r","","15","1616039952053","main.py","1.1.7 for 2019-2020 @t1"
"k","r",,"16","1616039952063","main.py","1.1.7 for 2019-2020 @t1"
"e","t","","16","1616039952219","main.py","1.1.7 for 2019-2020 @t1"
"k","t",,"17","1616039952233","main.py","1.1.7 for 2019-2020 @t1"
"e"," ","","17","1616039952641","main.py","1.1.7 for 2019-2020 @t1"
"k"," ",,"18","1616039952642","main.py","1.1.7 for 2019-2020 @t1"
"e","r","","18","1616039952733","main.py","1.1.7 for 2019-2020 @t1"
"k","r",,"19","1616039952734","main.py","1.1.7 for 2019-2020 @t1"
"e","a","","19","1616039952830","main.py","1.1.7 for 2019-2020 @t1"
"k","a",,"20","1616039952831","main.py","1.1.7 for 2019-2020 @t1"
"e","d","","20","1616039953060","main.py","1.1.7 for 2019-2020 @t1"
"k","d",,"21","1616039953083","main.py","1.1.7 for 2019-2020 @t1"
"a","Backspace",,,"1616039953493","main.py","1.1.7 for 2019-2020 @t1"
"e","","d","20","1616039953551","main.py","1.1.7 for 2019-2020 @t1"
"e","n","","20","1616039953651","main.py","1.1.7 for 2019-2020 @t1"
"k","n",,"21","1616039953652","main.py","1.1.7 for 2019-2020 @t1"
"e","d","","21","1616039953830","main.py","1.1.7 for 2019-2020 @t1"
"k","d",,"22","1616039953835","main.py","1.1.7 for 2019-2020 @t1"
"e","o","","22","1616039953978","main.py","1.1.7 for 2019-2020 @t1"
"k","o",,"23","1616039953984","main.py","1.1.7 for 2019-2020 @t1"
"e","m","","23","1616039954063","main.py","1.1.7 for 2019-2020 @t1"
"k","m",,"24","1616039954081","main.py","1.1.7 for 2019-2020 @t1"
"a","Enter",,,"1616039957956","main.py","1.1.7 for 2019-2020 @t1"
"e","
","","26","1616039957964","main.py","1.1.7 for 2019-2020 @t1"
"a","Enter",,,"1616039958361","main.py","1.1.7 for 2019-2020 @t1"
"e","
","","27","1616039958368","main.py","1.1.7 for 2019-2020 @t1"
"a","Backspace",,,"1616039963202","main.py","1.1.7 for 2019-2020 @t1"
"e","","
","27","1616039963207","main.py","1.1.7 for 2019-2020 @t1"
"a","Backspace",,,"1616039963470","main.py","1.1.7 for 2019-2020 @t1"
"e","","
","26","1616039963474","main.py","1.1.7 for 2019-2020 @t1"
"e","r","","541","1616039965865","main.py","1.1.7 for 2019-2020 @t1"
"k","r",,"542","1616039965866","main.py","1.1.7 for 2019-2020 @t1"
"e","a","","542","1616039966031","main.py","1.1.7 for 2019-2020 @t1"
"k","a",,"543","1616039966073","main.py","1.1.7 for 2019-2020 @t1"
"e","n","","543","1616039966126","main.py","1.1.7 for 2019-2020 @t1"
"k","n",,"544","1616039966157","main.py","1.1.7 for 2019-2020 @t1"
"e","d","","544","1616039966242","main.py","1.1.7 for 2019-2020 @t1"
"k","d",,"545","1616039966275","main.py","1.1.7 for 2019-2020 @t1"
"e","o","","545","1616039966356","main.py","1.1.7 for 2019-2020 @t1"
"k","o",,"546","1616039966368","main.py","1.1.7 for 2019-2020 @t1"
"e","m","","546","1616039966439","main.py","1.1.7 for 2019-2020 @t1"
"k","m",,"547","1616039966456","main.py","1.1.7 for 2019-2020 @t1"
"e",".","","547","1616039969072","main.py","1.1.7 for 2019-2020 @t1"
"k",".",,"548","1616039969074","main.py","1.1.7 for 2019-2020 @t1"
"e","r","","548","1616039969518","main.py","1.1.7 for 2019-2020 @t1"
"k","r",,"549","1616039969553","main.py","1.1.7 for 2019-2020 @t1"
"e","a","","549","1616039969621","main.py","1.1.7 for 2019-2020 @t1"
"k","a",,"550","1616039969622","main.py","1.1.7 for 2019-2020 @t1"
"e","n","","550","1616039969771","main.py","1.1.7 for 2019-2020 @t1"
"k","n",,"551","1616039969772","main.py","1.1.7 for 2019-2020 @t1"
"e","d","","551","1616039970466","main.py","1.1.7 for 2019-2020 @t1"
"k","d",,"552","1616039970467","main.py","1.1.7 for 2019-2020 @t1"
"e","i","","552","1616039970849","main.py","1.1.7 for 2019-2020 @t1"
"k","i",,"553","1616039970850","main.py","1.1.7 for 2019-2020 @t1"
"e","n","","553","1616039970929","main.py","1.1.7 for 2019-2020 @t1"
"k","n",,"554","1616039970930","main.py","1.1.7 for 2019-2020 @t1"
"e","t","","554","1616039971736","main.py","1.1.7 for 2019-2020 @t1"
"k","t",,"555","1616039971737","main.py","1.1.7 for 2019-2020 @t1"
"e","(","","555","1616039972163","main.py","1.1.7 for 2019-2020 @t1"
"e",")","","556","1616039972167","main.py","1.1.7 for 2019-2020 @t1"
"k","(",,"556","1616039972168","main.py","1.1.7 for 2019-2020 @t1"
"e","1","","556","1616039973415","main.py","1.1.7 for 2019-2020 @t1"
"k","1",,"557","1616039973415","main.py","1.1.7 for 2019-2020 @t1"
"e","0","","557","1616039973647","main.py","1.1.7 for 2019-2020 @t1"
"k","0",,"558","1616039973648","main.py","1.1.7 for 2019-2020 @t1"
"e","0","","558","1616039973782","main.py","1.1.7 for 2019-2020 @t1"
"k","0",,"559","1616039973783","main.py","1.1.7 for 2019-2020 @t1"
"k",")",,"560","1616039974010","main.py","1.1.7 for 2019-2020 @t1"
"a","Enter",,,"1616039975412","main.py","1.1.7 for 2019-2020 @t1"
"e","
","","560","1616039975416","main.py","1.1.7 for 2019-2020 @t1"
"a","Enter",,,"1616039975574","main.py","1.1.7 for 2019-2020 @t1"
"e","
","","561","1616039975581","main.py","1.1.7 for 2019-2020 @t1"
"e","q","","562","1616039982498","main.py","1.1.7 for 2019-2020 @t1"
"k","q",,"563","1616039982498","main.py","1.1.7 for 2019-2020 @t1"
"e","u","","563","1616039982624","main.py","1.1.7 for 2019-2020 @t1"
"k","u",,"564","1616039982632","main.py","1.1.7 for 2019-2020 @t1"
"e","i","","564","1616039982759","main.py","1.1.7 for 2019-2020 @t1"
"k","i",,"565","1616039982766","main.py","1.1.7 for 2019-2020 @t1"
"e","c","","565","1616039982876","main.py","1.1.7 for 2019-2020 @t1"
"k","c",,"566","1616039982892","main.py","1.1.7 for 2019-2020 @t1"
"e","k","","566","1616039982991","main.py","1.1.7 for 2019-2020 @t1"
"k","k",,"567","1616039982997","main.py","1.1.7 for 2019-2020 @t1"
"a","Choose Lookup Item",,,"1616039983598","main.py","1.1.7 for 2019-2020 @t1"
"e","Sort","","567","1616039983608","main.py","1.1.7 for 2019-2020 @t1"
"e","(","","571","1616039983620","main.py","1.1.7 for 2019-2020 @t1"
"e",")","","572","1616039983623","main.py","1.1.7 for 2019-2020 @t1"
"e","m","","572","1616039985327","main.py","1.1.7 for 2019-2020 @t1"
"k","m",,"573","1616039985329","main.py","1.1.7 for 2019-2020 @t1"
"e","y","","573","1616039985600","main.py","1.1.7 for 2019-2020 @t1"
"k","y",,"574","1616039985616","main.py","1.1.7 for 2019-2020 @t1"
"a","Choose Lookup Item",,,"1616039986461","main.py","1.1.7 for 2019-2020 @t1"
"e","Arr","","574","1616039986470","main.py","1.1.7 for 2019-2020 @t1"
"e",",","","577","1616039987225","main.py","1.1.7 for 2019-2020 @t1"
"k",",",,"578","1616039987226","main.py","1.1.7 for 2019-2020 @t1"
"e"," ","","578","1616039987343","main.py","1.1.7 for 2019-2020 @t1"
"k"," ",,"579","1616039987343","main.py","1.1.7 for 2019-2020 @t1"
"e","0","","579","1616039988259","main.py","1.1.7 for 2019-2020 @t1"
"k","0",,"580","1616039988260","main.py","1.1.7 for 2019-2020 @t1"
"e",",","","580","1616039988962","main.py","1.1.7 for 2019-2020 @t1"
"k",",",,"581","1616039988963","main.py","1.1.7 for 2019-2020 @t1"
"e"," ","","581","1616039989124","main.py","1.1.7 for 2019-2020 @t1"
"k"," ",,"582","1616039989125","main.py","1.1.7 for 2019-2020 @t1"
"e","9","","582","1616039990380","main.py","1.1.7 for 2019-2020 @t1"
"k","9",,"583","1616039990381","main.py","1.1.7 for 2019-2020 @t1"
"e","9","","582","1616039990500","main.py","1.1.7 for 2019-2020 @t1"
"k","9",,"584","1616039990502","main.py","1.1.7 for 2019-2020 @t1"
"k",")",,"585","1616039991449","main.py","1.1.7 for 2019-2020 @t1"
"a","Up",,,"1616039999056","main.py","1.1.7 for 2019-2020 @t1"
"e","n","","561","1616040000025","main.py","1.1.7 for 2019-2020 @t1"
"k","n",,"562","1616040000026","main.py","1.1.7 for 2019-2020 @t1"
"e"," ","","562","1616040000186","main.py","1.1.7 for 2019-2020 @t1"
"k"," ",,"563","1616040000186","main.py","1.1.7 for 2019-2020 @t1"
"e","=","","563","1616040000358","main.py","1.1.7 for 2019-2020 @t1"
"k","=",,"564","1616040000358","main.py","1.1.7 for 2019-2020 @t1"
"e"," ","","564","1616040000518","main.py","1.1.7 for 2019-2020 @t1"
"k"," ",,"565","1616040000519","main.py","1.1.7 for 2019-2020 @t1"
"e","l","","565","1616040000652","main.py","1.1.7 for 2019-2020 @t1"
"k","l",,"566","1616040000653","main.py","1.1.7 for 2019-2020 @t1"
"e","e","","566","1616040000804","main.py","1.1.7 for 2019-2020 @t1"
"k","e",,"567","1616040000831","main.py","1.1.7 for 2019-2020 @t1"
"e","n","","567","1616040000892","main.py","1.1.7 for 2019-2020 @t1"
"k","n",,"568","1616040000914","main.py","1.1.7 for 2019-2020 @t1"
"e","(","","568","1616040001144","main.py","1.1.7 for 2019-2020 @t1"
"e",")","","569","1616040001150","main.py","1.1.7 for 2019-2020 @t1"
"k","(",,"569","1616040001151","main.py","1.1.7 for 2019-2020 @t1"
"e","m","","569","1616040001365","main.py","1.1.7 for 2019-2020 @t1"
"k","m",,"570","1616040001366","main.py","1.1.7 for 2019-2020 @t1"
"e","y","","570","1616040001585","main.py","1.1.7 for 2019-2020 @t1"
"k","y",,"571","1616040001604","main.py","1.1.7 for 2019-2020 @t1"
"a","Choose Lookup Item",,,"1616040002652","main.py","1.1.7 for 2019-2020 @t1"
"e","Arr","","571","1616040002660","main.py","1.1.7 for 2019-2020 @t1"
"a","Down",,,"1616040003738","main.py","1.1.7 for 2019-2020 @t1"
"a","Right",,,"1616040004086","main.py","1.1.7 for 2019-2020 @t1"
"a","Right",,,"1616040004269","main.py","1.1.7 for 2019-2020 @t1"
"a","Right",,,"1616040004419","main.py","1.1.7 for 2019-2020 @t1"
"a","Right",,,"1616040004582","main.py","1.1.7 for 2019-2020 @t1"
"a","Right",,,"1616040004733","main.py","1.1.7 for 2019-2020 @t1"
"a","Right",,,"1616040004871","main.py","1.1.7 for 2019-2020 @t1"
"a","Right",,,"1616040005032","main.py","1.1.7 for 2019-2020 @t1"
"a","Right",,,"1616040005215","main.py","1.1.7 for 2019-2020 @t1"
"a","Right",,,"1616040005417","main.py","1.1.7 for 2019-2020 @t1"
"a","Backspace",,,"1616040006080","main.py","1.1.7 for 2019-2020 @t1"
"e","","9","596","1616040006084","main.py","1.1.7 for 2019-2020 @t1"
"a","Backspace",,,"1616040006215","main.py","1.1.7 for 2019-2020 @t1"
"e","","9","596","1616040006219","main.py","1.1.7 for 2019-2020 @t1"
"e","n","","596","1616040006837","main.py","1.1.7 for 2019-2020 @t1"
"k","n",,"597","1616040006838","main.py","1.1.7 for 2019-2020 @t1"
"e"," ","","597","1616040007001","main.py","1.1.7 for 2019-2020 @t1"
"k"," ",,"598","1616040007002","main.py","1.1.7 for 2019-2020 @t1"
"e","-","","598","1616040007399","main.py","1.1.7 for 2019-2020 @t1"
"k","-",,"599","1616040007400","main.py","1.1.7 for 2019-2020 @t1"
"e"," ","","599","1616040007601","main.py","1.1.7 for 2019-2020 @t1"
"k"," ",,"600","1616040007601","main.py","1.1.7 for 2019-2020 @t1"
"e","1","","600","1616040007865","main.py","1.1.7 for 2019-2020 @t1"
"k","1",,"601","1616040007865","main.py","1.1.7 for 2019-2020 @t1"
"a","Right",,,"1616040011706","main.py","1.1.7 for 2019-2020 @t1"
"a","Enter",,,"1616040012441","main.py","1.1.7 for 2019-2020 @t1"
"e","
","","602","1616040012449","main.py","1.1.7 for 2019-2020 @t1"
"a","Enter",,,"1616040012578","main.py","1.1.7 for 2019-2020 @t1"
"e","
","","603","1616040012583","main.py","1.1.7 for 2019-2020 @t1"
"e","[","","604","1616040012959","main.py","1.1.7 for 2019-2020 @t1"
"e","]","","605","1616040012963","main.py","1.1.7 for 2019-2020 @t1"
"k","[",,"605","1616040012963","main.py","1.1.7 for 2019-2020 @t1"
"e","r","","605","1616040013049","main.py","1.1.7 for 2019-2020 @t1"
"k","r",,"606","1616040013050","main.py","1.1.7 for 2019-2020 @t1"
"a","Backspace",,,"1616040013522","main.py","1.1.7 for 2019-2020 @t1"
"e","","r","605","1616040013526","main.py","1.1.7 for 2019-2020 @t1"
"a","Backspace",,,"1616040013694","main.py","1.1.7 for 2019-2020 @t1"
"e","","[","604","1616040013698","main.py","1.1.7 for 2019-2020 @t1"
"e","","]","604","1616040013701","main.py","1.1.7 for 2019-2020 @t1"
"e","p","","604","1616040013953","main.py","1.1.7 for 2019-2020 @t1"
"k","p",,"605","1616040013954","main.py","1.1.7 for 2019-2020 @t1"
"e","r","","605","1616040014245","main.py","1.1.7 for 2019-2020 @t1"
"k","r",,"606","1616040014266","main.py","1.1.7 for 2019-2020 @t1"
"e","i","","606","1616040014331","main.py","1.1.7 for 2019-2020 @t1"
"k","i",,"607","1616040014354","main.py","1.1.7 for 2019-2020 @t1"
"e","n","","607","1616040014433","main.py","1.1.7 for 2019-2020 @t1"
"k","n",,"608","1616040014441","main.py","1.1.7 for 2019-2020 @t1"
"e","t","","608","1616040014527","main.py","1.1.7 for 2019-2020 @t1"
"k","t",,"609","1616040014532","main.py","1.1.7 for 2019-2020 @t1"
"e","(","","609","1616040014961","main.py","1.1.7 for 2019-2020 @t1"
"e",")","","610","1616040014964","main.py","1.1.7 for 2019-2020 @t1"
"k","(",,"610","1616040014965","main.py","1.1.7 for 2019-2020 @t1"
"e","""","","610","1616040016096","main.py","1.1.7 for 2019-2020 @t1"
"e","""","","611","1616040016099","main.py","1.1.7 for 2019-2020 @t1"
"k","""",,"611","1616040016100","main.py","1.1.7 for 2019-2020 @t1"
"a","Backspace",,,"1616040016718","main.py","1.1.7 for 2019-2020 @t1"
"e","","""","611","1616040016722","main.py","1.1.7 for 2019-2020 @t1"
"e","","""","610","1616040016725","main.py","1.1.7 for 2019-2020 @t1"
"e","'","","610","1616040017042","main.py","1.1.7 for 2019-2020 @t1"
"e","'","","611","1616040017046","main.py","1.1.7 for 2019-2020 @t1"
"k","'",,"611","1616040017047","main.py","1.1.7 for 2019-2020 @t1"
"e","S","","611","1616040017974","main.py","1.1.7 for 2019-2020 @t1"
"k","S",,"612","1616040017975","main.py","1.1.7 for 2019-2020 @t1"
"e","o","","612","1616040018102","main.py","1.1.7 for 2019-2020 @t1"
"k","o",,"613","1616040018102","main.py","1.1.7 for 2019-2020 @t1"
"e","r","","613","1616040018233","main.py","1.1.7 for 2019-2020 @t1"
"k","r",,"614","1616040018233","main.py","1.1.7 for 2019-2020 @t1"
"e","t","","614","1616040018513","main.py","1.1.7 for 2019-2020 @t1"
"k","t",,"615","1616040018513","main.py","1.1.7 for 2019-2020 @t1"
"e","e","","615","1616040018600","main.py","1.1.7 for 2019-2020 @t1"
"k","e",,"616","1616040018600","main.py","1.1.7 for 2019-2020 @t1"
"e","d","","616","1616040018801","main.py","1.1.7 for 2019-2020 @t1"
"k","d",,"617","1616040018802","main.py","1.1.7 for 2019-2020 @t1"
"e"," ","","617","1616040018982","main.py","1.1.7 for 2019-2020 @t1"
"k"," ",,"618","1616040018983","main.py","1.1.7 for 2019-2020 @t1"
"e","A","","618","1616040019320","main.py","1.1.7 for 2019-2020 @t1"
"k","A",,"619","1616040019321","main.py","1.1.7 for 2019-2020 @t1"
"e","r","","619","1616040019473","main.py","1.1.7 for 2019-2020 @t1"
"k","r",,"620","1616040019474","main.py","1.1.7 for 2019-2020 @t1"
"e","r","","620","1616040019623","main.py","1.1.7 for 2019-2020 @t1"
"k","r",,"621","1616040019623","main.py","1.1.7 for 2019-2020 @t1"
"e","a","","621","1616040019713","main.py","1.1.7 for 2019-2020 @t1"
"k","a",,"622","1616040019714","main.py","1.1.7 for 2019-2020 @t1"
"e","y","","622","1616040019817","main.py","1.1.7 for 2019-2020 @t1"
"k","y",,"623","1616040019818","main.py","1.1.7 for 2019-2020 @t1"
"e",":","","623","1616040021262","main.py","1.1.7 for 2019-2020 @t1"
"k",":",,"624","1616040021263","main.py","1.1.7 for 2019-2020 @t1"
"k","'",,"625","1616040022159","main.py","1.1.7 for 2019-2020 @t1"
"k",")",,"626","1616040022560","main.py","1.1.7 for 2019-2020 @t1"
"a","Enter",,,"1616040023349","main.py","1.1.7 for 2019-2020 @t1"
"e","
","","626","1616040023353","main.py","1.1.7 for 2019-2020 @t1"
"a","Enter",,,"1616040023491","main.py","1.1.7 for 2019-2020 @t1"
"e","
","","627","1616040023496","main.py","1.1.7 for 2019-2020 @t1"
"k","f",,"629","1616040023963","main.py","1.1.7 for 2019-2020 @t1"
"e","f","","628","1616040023962","main.py","1.1.7 for 2019-2020 @t1"
"e","o","","629","1616040024094","main.py","1.1.7 for 2019-2020 @t1"
"k","o",,"630","1616040024122","main.py","1.1.7 for 2019-2020 @t1"
"e","r","","630","1616040024173","main.py","1.1.7 for 2019-2020 @t1"
"k","r",,"631","1616040024182","main.py","1.1.7 for 2019-2020 @t1"
"e"," ","","631","1616040024656","main.py","1.1.7 for 2019-2020 @t1"
"k"," ",,"632","1616040024658","main.py","1.1.7 for 2019-2020 @t1"
"e","i","","632","1616040025483","main.py","1.1.7 for 2019-2020 @t1"
"k","i",,"633","1616040025483","main.py","1.1.7 for 2019-2020 @t1"
"k"," ",,"634","1616040025653","main.py","1.1.7 for 2019-2020 @t1"
"e"," ","","633","1616040025652","main.py","1.1.7 for 2019-2020 @t1"
"e","i","","634","1616040025800","main.py","1.1.7 for 2019-2020 @t1"
"k","i",,"635","1616040025801","main.py","1.1.7 for 2019-2020 @t1"
"e","n","","635","1616040025898","main.py","1.1.7 for 2019-2020 @t1"
"k","n",,"636","1616040025908","main.py","1.1.7 for 2019-2020 @t1"
"e"," ","","636","1616040026022","main.py","1.1.7 for 2019-2020 @t1"
"k"," ",,"637","1616040026022","main.py","1.1.7 for 2019-2020 @t1"
"e","r","","637","1616040026592","main.py","1.1.7 for 2019-2020 @t1"
"k","r",,"638","1616040026592","main.py","1.1.7 for 2019-2020 @t1"
"e","a","","638","1616040026751","main.py","1.1.7 for 2019-2020 @t1"
"k","a",,"639","1616040026786","main.py","1.1.7 for 2019-2020 @t1"
"e","n","","639","1616040026856","main.py","1.1.7 for 2019-2020 @t1"
"k","n",,"640","1616040026888","main.py","1.1.7 for 2019-2020 @t1"
"e","g","","640","1616040027058","main.py","1.1.7 for 2019-2020 @t1"
"k","g",,"641","1616040027085","main.py","1.1.7 for 2019-2020 @t1"
"e","e","","641","1616040027189","main.py","1.1.7 for 2019-2020 @t1"
"k","e",,"642","1616040027204","main.py","1.1.7 for 2019-2020 @t1"
"e","(","","642","1616040027554","main.py","1.1.7 for 2019-2020 @t1"
"e",")","","643","1616040027557","main.py","1.1.7 for 2019-2020 @t1"
"k","(",,"643","1616040027558","main.py","1.1.7 for 2019-2020 @t1"
"e","n","","643","1616040030948","main.py","1.1.7 for 2019-2020 @t1"
"k","n",,"644","1616040030949","main.py","1.1.7 for 2019-2020 @t1"
"k",")",,"645","1616040031655","main.py","1.1.7 for 2019-2020 @t1"
"e",":","","645","1616040032358","main.py","1.1.7 for 2019-2020 @t1"
"k",":",,"646","1616040032359","main.py","1.1.7 for 2019-2020 @t1"
"a","Enter",,,"1616040032751","main.py","1.1.7 for 2019-2020 @t1"
"e","
","","646","1616040032760","main.py","1.1.7 for 2019-2020 @t1"
"e","    ","","647","1616040032769","main.py","1.1.7 for 2019-2020 @t1"
"a","Paste",,,"1616040046622","main.py","1.1.7 for 2019-2020 @t1"
"p","print(""%d"" % arr[i])",,"651","1616040046713","main.py","1.1.7 for 2019-2020 @t1"
"e","","    ","647","1616040046722","main.py","1.1.7 for 2019-2020 @t1"
"e","    print(""%d"" % arr[i])","","647","1616040046726","main.py","1.1.7 for 2019-2020 @t1"
"a","Left",,,"1616040049453","main.py","1.1.7 for 2019-2020 @t1"
"a","Left",,,"1616040049663","main.py","1.1.7 for 2019-2020 @t1"
"a","Left",,,"1616040049845","main.py","1.1.7 for 2019-2020 @t1"
"a","Left",,,"1616040050062","main.py","1.1.7 for 2019-2020 @t1"
"a","Backspace",,,"1616040050608","main.py","1.1.7 for 2019-2020 @t1"
"e","","r","666","1616040050613","main.py","1.1.7 for 2019-2020 @t1"
"a","Backspace",,,"1616040050762","main.py","1.1.7 for 2019-2020 @t1"
"e","","r","665","1616040050766","main.py","1.1.7 for 2019-2020 @t1"
"a","Backspace",,,"1616040050914","main.py","1.1.7 for 2019-2020 @t1"
"e","","a","664","1616040050918","main.py","1.1.7 for 2019-2020 @t1"
"e","m","","664","1616040051441","main.py","1.1.7 for 2019-2020 @t1"
"k","m",,"665","1616040051441","main.py","1.1.7 for 2019-2020 @t1"
"e","y","","665","1616040051661","main.py","1.1.7 for 2019-2020 @t1"
"k","y",,"666","1616040051679","main.py","1.1.7 for 2019-2020 @t1"
"e","A","","666","1616040051950","main.py","1.1.7 for 2019-2020 @t1"
"k","A",,"667","1616040051955","main.py","1.1.7 for 2019-2020 @t1"
"e","r","","667","1616040052121","main.py","1.1.7 for 2019-2020 @t1"
"k","r",,"668","1616040052127","main.py","1.1.7 for 2019-2020 @t1"
"e","r","","668","1616040052281","main.py","1.1.7 for 2019-2020 @t1"
"k","r",,"669","1616040052295","main.py","1.1.7 for 2019-2020 @t1"
"a","Right",,,"1616040053179","main.py","1.1.7 for 2019-2020 @t1"
"a","Right",,,"1616040053393","main.py","1.1.7 for 2019-2020 @t1"
"a","Right",,,"1616040053600","main.py","1.1.7 for 2019-2020 @t1"
"a","Right",,,"1616040053803","main.py","1.1.7 for 2019-2020 @t1"
"a","Backspace",,,"1616040063934","main.py","1.1.7 for 2019-2020 @t1"
"e","","""","660","1616040063939","main.py","1.1.7 for 2019-2020 @t1"
"e","'","","660","1616040064083","main.py","1.1.7 for 2019-2020 @t1"
"k","'",,"661","1616040064084","main.py","1.1.7 for 2019-2020 @t1"
"a","Left",,,"1616040064543","main.py","1.1.7 for 2019-2020 @t1"
"a","Left",,,"1616040064757","main.py","1.1.7 for 2019-2020 @t1"
"a","Left",,,"1616040064928","main.py","1.1.7 for 2019-2020 @t1"
"a","Backspace",,,"1616040065634","main.py","1.1.7 for 2019-2020 @t1"
"e","","""","657","1616040065638","main.py","1.1.7 for 2019-2020 @t1"
"e","'","","657","1616040065980","main.py","1.1.7 for 2019-2020 @t1"
"k","'",,"658","1616040065981","main.py","1.1.7 for 2019-2020 @t1"
"a","Right",,,"1616040066446","main.py","1.1.7 for 2019-2020 @t1"
"a","Right",,,"1616040066949","main.py","1.1.7 for 2019-2020 @t1"
"a","Right",,,"1616040067032","main.py","1.1.7 for 2019-2020 @t1"
"a","Right",,,"1616040067115","main.py","1.1.7 for 2019-2020 @t1"
"a","Right",,,"1616040067200","main.py","1.1.7 for 2019-2020 @t1"
"a","Right",,,"1616040067285","main.py","1.1.7 for 2019-2020 @t1"
"a","Right",,,"1616040067369","main.py","1.1.7 for 2019-2020 @t1"
"a","Right",,,"1616040067452","main.py","1.1.7 for 2019-2020 @t1"
"a","Right",,,"1616040067535","main.py","1.1.7 for 2019-2020 @t1"
"a","Right",,,"1616040067619","main.py","1.1.7 for 2019-2020 @t1"
"a","Right",,,"1616040067704","main.py","1.1.7 for 2019-2020 @t1"
"a","Right",,,"1616040067788","main.py","1.1.7 for 2019-2020 @t1"
"a","Right",,,"1616040067964","main.py","1.1.7 for 2019-2020 @t1"
"a","Right",,,"1616040068161","main.py","1.1.7 for 2019-2020 @t1"
"a","Right",,,"1616040068357","main.py","1.1.7 for 2019-2020 @t1"
"e",",","","673","1616040069114","main.py","1.1.7 for 2019-2020 @t1"
"k",",",,"674","1616040069114","main.py","1.1.7 for 2019-2020 @t1"
"e"," ","","660","1616040079320","main.py","1.1.7 for 2019-2020 @t1"
"k"," ",,"661","1616040079320","main.py","1.1.7 for 2019-2020 @t1"
"a","Install package numpy",,,"1616040150912","main.py","1.1.7 for 2019-2020 @t1"
"e",",","","559","1616040266137","main.py","1.1.7 for 2019-2020 @t1"
"k",",",,"560","1616040266138","main.py","1.1.7 for 2019-2020 @t1"
"e"," ","","560","1616040266276","main.py","1.1.7 for 2019-2020 @t1"
"k"," ",,"561","1616040266277","main.py","1.1.7 for 2019-2020 @t1"
"e","s","","561","1616040266382","main.py","1.1.7 for 2019-2020 @t1"
"k","s",,"562","1616040266382","main.py","1.1.7 for 2019-2020 @t1"
"e","i","","562","1616040266481","main.py","1.1.7 for 2019-2020 @t1"
"k","i",,"563","1616040266482","main.py","1.1.7 for 2019-2020 @t1"
"e","z","","563","1616040266596","main.py","1.1.7 for 2019-2020 @t1"
"k","z",,"564","1616040266620","main.py","1.1.7 for 2019-2020 @t1"
"e","e","","564","1616040266708","main.py","1.1.7 for 2019-2020 @t1"
"k","e",,"565","1616040266708","main.py","1.1.7 for 2019-2020 @t1"
"e","=","","565","1616040267541","main.py","1.1.7 for 2019-2020 @t1"
"k","=",,"566","1616040267542","main.py","1.1.7 for 2019-2020 @t1"
"e","1","","566","1616040268170","main.py","1.1.7 for 2019-2020 @t1"
"k","1",,"567","1616040268171","main.py","1.1.7 for 2019-2020 @t1"
"e","0","","567","1616040268280","main.py","1.1.7 for 2019-2020 @t1"
"k","0",,"568","1616040268280","main.py","1.1.7 for 2019-2020 @t1"
"e","0","","568","1616040268437","main.py","1.1.7 for 2019-2020 @t1"
"k","0",,"569","1616040268437","main.py","1.1.7 for 2019-2020 @t1"
"e","(","","566","1616040275102","main.py","1.1.7 for 2019-2020 @t1"
"k","(",,"567","1616040275104","main.py","1.1.7 for 2019-2020 @t1"
"e",")","","571","1616040276797","main.py","1.1.7 for 2019-2020 @t1"
"k",")",,"572","1616040276799","main.py","1.1.7 for 2019-2020 @t1"
