"e","# This is a sample Python script.

# Press Shift+F10 to execute it or replace it with your code.
# Press Double Shift to search everywhere for classes, files, tool windows, actions, and settings.


def print_hi(name):
    # Use a breakpoint in the code line below to debug your script.
    print(f'Hi, {name}')  # Press Ctrl+F8 to toggle the breakpoint.


# Press the green button in the gutter to run the script.
if __name__ == '__main__':
    print_hi('PyCharm')

# See PyCharm help at https://www.jetbrains.com/help/pycharm/
","","0","1624296611361","main.py","1.1.7 for 2019-2020 @t1"
"a","Select All",,,"1624296615166","main.py","1.1.7 for 2019-2020 @t1"
"a","Select All",,,"1624296627252","main.py","1.1.7 for 2019-2020 @t1"
"a","Paste",,,"1624296627563","main.py","1.1.7 for 2019-2020 @t1"
"p","from flask import Flask, request, jsonify
app = Flask(__name__)
",,"528","1624296627784","main.py","1.1.7 for 2019-2020 @t1"
"e","","# This is a sample Python script.

# Press Shift+F10 to execute it or replace it with your code.
# Press Double Shift to search everywhere for classes, files, tool windows, actions, and settings.


def print_hi(name):
    # Use a breakpoint in the code line below to debug your script.
    print(f'Hi, {name}')  # Press Ctrl+F8 to toggle the breakpoint.


# Press the green button in the gutter to run the script.
if __name__ == '__main__':
    print_hi('PyCharm')

# See PyCharm help at https://www.jetbrains.com/help/pycharm/","0","1624296627854","main.py","1.1.7 for 2019-2020 @t1"
"e","from flask import Flask, request, jsonify
app = Flask(__name__)","","0","1624296627855","main.py","1.1.7 for 2019-2020 @t1"
"a","Enter",,,"1624296647399","main.py","1.1.7 for 2019-2020 @t1"
"e","
","","64","1624296647532","main.py","1.1.7 for 2019-2020 @t1"
"a","Enter",,,"1624296647539","main.py","1.1.7 for 2019-2020 @t1"
"e","
","","65","1624296647544","main.py","1.1.7 for 2019-2020 @t1"
"a","Paste",,,"1624296648243","main.py","1.1.7 for 2019-2020 @t1"
"p","@app.route('/')
def index():
    return ""<h1>Welcome to our server !!</h1>""

if __name__ == '__main__':
    # Threaded option to enable multiple instances for multiple user access support
    app.run(threaded=True, port=5000)",,"66","1624296648334","main.py","1.1.7 for 2019-2020 @t1"
"e","@app.route('/')
def index():
    return ""<h1>Welcome to our server !!</h1>""

if __name__ == '__main__':
    # Threaded option to enable multiple instances for multiple user access support
    app.run(threaded=True, port=5000)","","66","1624296648350","main.py","1.1.7 for 2019-2020 @t1"
"a","Create directory",,,"1624296706364","main.py","1.1.7 for 2019-2020 @t1"
"a","Copy Files/Directories",,,"1624296706421","main.py","1.1.7 for 2019-2020 @t1"
"a","Left",,,"1624296714807","main.py","1.1.7 for 2019-2020 @t1"
"a","Left",,,"1624296714917","main.py","1.1.7 for 2019-2020 @t1"
"e","d","","79","1624296716553","main.py","1.1.7 for 2019-2020 @t1"
"k","d",,"80","1624296716571","main.py","1.1.7 for 2019-2020 @t1"
"e","a","","80","1624296716578","main.py","1.1.7 for 2019-2020 @t1"
"k","a",,"81","1624296716579","main.py","1.1.7 for 2019-2020 @t1"
"e","t","","81","1624296716632","main.py","1.1.7 for 2019-2020 @t1"
"k","t",,"82","1624296716633","main.py","1.1.7 for 2019-2020 @t1"
"e","a","","82","1624296716735","main.py","1.1.7 for 2019-2020 @t1"
"k","a",,"83","1624296716736","main.py","1.1.7 for 2019-2020 @t1"
"a","Undo Typing",,,"1624296741446","main.py","1.1.7 for 2019-2020 @t1"
"e","","a","82","1624296741457","main.py","1.1.7 for 2019-2020 @t1"
"e","","t","81","1624296741460","main.py","1.1.7 for 2019-2020 @t1"
"e","","a","80","1624296741465","main.py","1.1.7 for 2019-2020 @t1"
"e","","d","79","1624296741474","main.py","1.1.7 for 2019-2020 @t1"
"a","Up",,,"1624296742694","main.py","1.1.7 for 2019-2020 @t1"
"a","Move Caret to Line End",,,"1624296742905","main.py","1.1.7 for 2019-2020 @t1"
"a","Move Caret to Line Start with Selection",,,"1624296743259","main.py","1.1.7 for 2019-2020 @t1"
"a","Up with Selection",,,"1624296743447","main.py","1.1.7 for 2019-2020 @t1"
"a","Up with Selection",,,"1624296743620","main.py","1.1.7 for 2019-2020 @t1"
"a","Move Caret to Line Start with Selection",,,"1624296743842","main.py","1.1.7 for 2019-2020 @t1"
"a","Copy",,,"1624296744544","main.py","1.1.7 for 2019-2020 @t1"
"c","@app.route('/')
def index():
    return ""<h1>Welcome to our server !!</h1>""",,"66","1624296744588","main.py","1.1.7 for 2019-2020 @t1"
"a","Down",,,"1624296744777","main.py","1.1.7 for 2019-2020 @t1"
"a","Down",,,"1624296744934","main.py","1.1.7 for 2019-2020 @t1"
"a","Move Caret to Line End",,,"1624296746053","main.py","1.1.7 for 2019-2020 @t1"
"a","Enter",,,"1624296746343","main.py","1.1.7 for 2019-2020 @t1"
"e","
    ","","141","1624296746388","main.py","1.1.7 for 2019-2020 @t1"
"e","","    ","142","1624296746466","main.py","1.1.7 for 2019-2020 @t1"
"a","Enter",,,"1624296746512","main.py","1.1.7 for 2019-2020 @t1"
"e","
","","144","1624296746527","main.py","1.1.7 for 2019-2020 @t1"
"a","Paste",,,"1624296747195","main.py","1.1.7 for 2019-2020 @t1"
"p","@app.route('/')
def index():
    return ""<h1>Welcome to our server !!</h1>""",,"143","1624296747195","main.py","1.1.7 for 2019-2020 @t1"
"e","@app.route('/')
def index():
    return ""<h1>Welcome to our server !!</h1>""","","143","1624296747208","main.py","1.1.7 for 2019-2020 @t1"
"a","Left",,,"1624296748883","main.py","1.1.7 for 2019-2020 @t1"
"e","d","","156","1624296749406","main.py","1.1.7 for 2019-2020 @t1"
"k","d",,"157","1624296749407","main.py","1.1.7 for 2019-2020 @t1"
"e","a","","157","1624296749565","main.py","1.1.7 for 2019-2020 @t1"
"k","a",,"158","1624296749566","main.py","1.1.7 for 2019-2020 @t1"
"e","t","","158","1624296749690","main.py","1.1.7 for 2019-2020 @t1"
"k","t",,"159","1624296749694","main.py","1.1.7 for 2019-2020 @t1"
"e","a","","159","1624296749788","main.py","1.1.7 for 2019-2020 @t1"
"k","a",,"160","1624296749789","main.py","1.1.7 for 2019-2020 @t1"
"e","/","","160","1624296750445","main.py","1.1.7 for 2019-2020 @t1"
"k","/",,"161","1624296750448","main.py","1.1.7 for 2019-2020 @t1"
"e","{","","161","1624296751262","main.py","1.1.7 for 2019-2020 @t1"
"k","{",,"162","1624296751263","main.py","1.1.7 for 2019-2020 @t1"
"e","}","","162","1624296751306","main.py","1.1.7 for 2019-2020 @t1"
"k","}",,"163","1624296751307","main.py","1.1.7 for 2019-2020 @t1"
"a","Left",,,"1624296751728","main.py","1.1.7 for 2019-2020 @t1"
"a","Backspace",,,"1624296848348","main.py","1.1.7 for 2019-2020 @t1"
"e","","{","161","1624296848426","main.py","1.1.7 for 2019-2020 @t1"
"a","Delete",,,"1624296849039","main.py","1.1.7 for 2019-2020 @t1"
"e","","}","161","1624296849044","main.py","1.1.7 for 2019-2020 @t1"
"e","<","","161","1624296849536","main.py","1.1.7 for 2019-2020 @t1"
"k","<",,"162","1624296849539","main.py","1.1.7 for 2019-2020 @t1"
"e",">","","162","1624296850693","main.py","1.1.7 for 2019-2020 @t1"
"k",">",,"163","1624296850697","main.py","1.1.7 for 2019-2020 @t1"
"a","Left",,,"1624296850958","main.py","1.1.7 for 2019-2020 @t1"
"e","f","","162","1624296851979","main.py","1.1.7 for 2019-2020 @t1"
"k","f",,"163","1624296851982","main.py","1.1.7 for 2019-2020 @t1"
"e","o","","163","1624296852288","main.py","1.1.7 for 2019-2020 @t1"
"k","o",,"164","1624296852292","main.py","1.1.7 for 2019-2020 @t1"
"e","l","","164","1624296852424","main.py","1.1.7 for 2019-2020 @t1"
"k","l",,"165","1624296852425","main.py","1.1.7 for 2019-2020 @t1"
"e","d","","165","1624296852555","main.py","1.1.7 for 2019-2020 @t1"
"k","d",,"166","1624296852556","main.py","1.1.7 for 2019-2020 @t1"
"e","e","","166","1624296852720","main.py","1.1.7 for 2019-2020 @t1"
"k","e",,"167","1624296852721","main.py","1.1.7 for 2019-2020 @t1"
"e","r","","167","1624296852818","main.py","1.1.7 for 2019-2020 @t1"
"k","r",,"168","1624296852819","main.py","1.1.7 for 2019-2020 @t1"
"a","Right",,,"1624296853039","main.py","1.1.7 for 2019-2020 @t1"
"a","Right",,,"1624296853216","main.py","1.1.7 for 2019-2020 @t1"
"a","Left",,,"1624296853882","main.py","1.1.7 for 2019-2020 @t1"
"e","/","","169","1624296854192","main.py","1.1.7 for 2019-2020 @t1"
"k","/",,"170","1624296854195","main.py","1.1.7 for 2019-2020 @t1"
"e","<","","170","1624296854625","main.py","1.1.7 for 2019-2020 @t1"
"k","<",,"171","1624296854626","main.py","1.1.7 for 2019-2020 @t1"
"e","f","","171","1624296855020","main.py","1.1.7 for 2019-2020 @t1"
"k","f",,"172","1624296855021","main.py","1.1.7 for 2019-2020 @t1"
"e","i","","172","1624296855293","main.py","1.1.7 for 2019-2020 @t1"
"k","i",,"173","1624296855310","main.py","1.1.7 for 2019-2020 @t1"
"e","l","","173","1624296855352","main.py","1.1.7 for 2019-2020 @t1"
"k","l",,"174","1624296855353","main.py","1.1.7 for 2019-2020 @t1"
"e","e","","174","1624296855497","main.py","1.1.7 for 2019-2020 @t1"
"k","e",,"175","1624296855498","main.py","1.1.7 for 2019-2020 @t1"
"e",">","","175","1624296855997","main.py","1.1.7 for 2019-2020 @t1"
"k",">",,"176","1624296856000","main.py","1.1.7 for 2019-2020 @t1"
"a","Down",,,"1624296857017","main.py","1.1.7 for 2019-2020 @t1"
"a","Down",,,"1624296859062","main.py","1.1.7 for 2019-2020 @t1"
"e",",","","41","1624296860810","main.py","1.1.7 for 2019-2020 @t1"
"k",",",,"42","1624296860811","main.py","1.1.7 for 2019-2020 @t1"
"e"," ","","42","1624296861490","main.py","1.1.7 for 2019-2020 @t1"
"k"," ",,"43","1624296861491","main.py","1.1.7 for 2019-2020 @t1"
"e","s","","43","1624296861569","main.py","1.1.7 for 2019-2020 @t1"
"k","s",,"44","1624296861570","main.py","1.1.7 for 2019-2020 @t1"
"e","e","","44","1624296861729","main.py","1.1.7 for 2019-2020 @t1"
"k","e",,"45","1624296861730","main.py","1.1.7 for 2019-2020 @t1"
"e","n","","45","1624296861828","main.py","1.1.7 for 2019-2020 @t1"
"k","n",,"46","1624296861837","main.py","1.1.7 for 2019-2020 @t1"
"e","d","","46","1624296862033","main.py","1.1.7 for 2019-2020 @t1"
"k","d",,"47","1624296862057","main.py","1.1.7 for 2019-2020 @t1"
"a","Choose Lookup Item",,,"1624296862396","main.py","1.1.7 for 2019-2020 @t1"
"e","_file","","47","1624296862420","main.py","1.1.7 for 2019-2020 @t1"
"a","Enter",,,"1624296864084","main.py","1.1.7 for 2019-2020 @t1"
"e","
","","203","1624296864090","main.py","1.1.7 for 2019-2020 @t1"
"e","    ","","203","1624296864097","main.py","1.1.7 for 2019-2020 @t1"
"e","s","","207","1624296864261","main.py","1.1.7 for 2019-2020 @t1"
"k","s",,"208","1624296864262","main.py","1.1.7 for 2019-2020 @t1"
"e","e","","208","1624296864477","main.py","1.1.7 for 2019-2020 @t1"
"k","e",,"209","1624296864488","main.py","1.1.7 for 2019-2020 @t1"
"a","Choose Lookup Item",,,"1624296866610","main.py","1.1.7 for 2019-2020 @t1"
"e","nd_file","","209","1624296866624","main.py","1.1.7 for 2019-2020 @t1"
"e","(","","216","1624296866635","main.py","1.1.7 for 2019-2020 @t1"
"e",")","","217","1624296866640","main.py","1.1.7 for 2019-2020 @t1"
"a","Up",,,"1624296867263","main.py","1.1.7 for 2019-2020 @t1"
"a","Enter",,,"1624296867780","main.py","1.1.7 for 2019-2020 @t1"
"e","
","","203","1624296867793","main.py","1.1.7 for 2019-2020 @t1"
"e","    ","","203","1624296867814","main.py","1.1.7 for 2019-2020 @t1"
"e","d","","207","1624296869509","main.py","1.1.7 for 2019-2020 @t1"
"k","d",,"208","1624296869510","main.py","1.1.7 for 2019-2020 @t1"
"e","i","","208","1624296869638","main.py","1.1.7 for 2019-2020 @t1"
"k","i",,"209","1624296869644","main.py","1.1.7 for 2019-2020 @t1"
"e","r","","209","1624296869759","main.py","1.1.7 for 2019-2020 @t1"
"k","r",,"210","1624296869765","main.py","1.1.7 for 2019-2020 @t1"
"e"," ","","210","1624296869881","main.py","1.1.7 for 2019-2020 @t1"
"k"," ",,"211","1624296869882","main.py","1.1.7 for 2019-2020 @t1"
"e","=","","211","1624296869989","main.py","1.1.7 for 2019-2020 @t1"
"k","=",,"212","1624296869990","main.py","1.1.7 for 2019-2020 @t1"
"e"," ","","212","1624296870081","main.py","1.1.7 for 2019-2020 @t1"
"k"," ",,"213","1624296870082","main.py","1.1.7 for 2019-2020 @t1"
"e","o","","213","1624296870914","main.py","1.1.7 for 2019-2020 @t1"
"k","o",,"214","1624296870916","main.py","1.1.7 for 2019-2020 @t1"
"e","s","","214","1624296871054","main.py","1.1.7 for 2019-2020 @t1"
"k","s",,"215","1624296871061","main.py","1.1.7 for 2019-2020 @t1"
"e",".","","215","1624296871159","main.py","1.1.7 for 2019-2020 @t1"
"k",".",,"216","1624296871160","main.py","1.1.7 for 2019-2020 @t1"
"e","p","","216","1624296871422","main.py","1.1.7 for 2019-2020 @t1"
"k","p",,"217","1624296871434","main.py","1.1.7 for 2019-2020 @t1"
"a","Backspace",,,"1624296872189","main.py","1.1.7 for 2019-2020 @t1"
"e","","p","216","1624296872206","main.py","1.1.7 for 2019-2020 @t1"
"a","Backspace",,,"1624296872316","main.py","1.1.7 for 2019-2020 @t1"
"e","",".","215","1624296872356","main.py","1.1.7 for 2019-2020 @t1"
"a","Backspace",,,"1624296873071","main.py","1.1.7 for 2019-2020 @t1"
"e","","s","214","1624296873078","main.py","1.1.7 for 2019-2020 @t1"
"a","Backspace",,,"1624296873227","main.py","1.1.7 for 2019-2020 @t1"
"e","","o","213","1624296873238","main.py","1.1.7 for 2019-2020 @t1"
"e","p","","75","1624296875739","main.py","1.1.7 for 2019-2020 @t1"
"k","p",,"76","1624296875742","main.py","1.1.7 for 2019-2020 @t1"
"e","a","","76","1624296875895","main.py","1.1.7 for 2019-2020 @t1"
"k","a",,"77","1624296875907","main.py","1.1.7 for 2019-2020 @t1"
"e","t","","77","1624296875997","main.py","1.1.7 for 2019-2020 @t1"
"k","t",,"78","1624296876002","main.py","1.1.7 for 2019-2020 @t1"
"e","h","","78","1624296876164","main.py","1.1.7 for 2019-2020 @t1"
"k","h",,"79","1624296876169","main.py","1.1.7 for 2019-2020 @t1"
"e"," ","","79","1624296876313","main.py","1.1.7 for 2019-2020 @t1"
"k"," ",,"80","1624296876314","main.py","1.1.7 for 2019-2020 @t1"
"e","=","","80","1624296876506","main.py","1.1.7 for 2019-2020 @t1"
"k","=",,"81","1624296876507","main.py","1.1.7 for 2019-2020 @t1"
"e"," ","","81","1624296876566","main.py","1.1.7 for 2019-2020 @t1"
"k"," ",,"82","1624296876567","main.py","1.1.7 for 2019-2020 @t1"
"e","o","","82","1624296877143","main.py","1.1.7 for 2019-2020 @t1"
"k","o",,"83","1624296877145","main.py","1.1.7 for 2019-2020 @t1"
"e","s","","83","1624296877314","main.py","1.1.7 for 2019-2020 @t1"
"k","s",,"84","1624296877319","main.py","1.1.7 for 2019-2020 @t1"
"e",".","","84","1624296877498","main.py","1.1.7 for 2019-2020 @t1"
"k",".",,"85","1624296877499","main.py","1.1.7 for 2019-2020 @t1"
"e","p","","85","1624296877755","main.py","1.1.7 for 2019-2020 @t1"
"k","p",,"86","1624296877771","main.py","1.1.7 for 2019-2020 @t1"
"e","a","","86","1624296877905","main.py","1.1.7 for 2019-2020 @t1"
"k","a",,"87","1624296877909","main.py","1.1.7 for 2019-2020 @t1"
"a","Backspace",,,"1624296879238","main.py","1.1.7 for 2019-2020 @t1"
"e","","a","86","1624296879249","main.py","1.1.7 for 2019-2020 @t1"
"a","Backspace",,,"1624296879384","main.py","1.1.7 for 2019-2020 @t1"
"e","","p","85","1624296879389","main.py","1.1.7 for 2019-2020 @t1"
"a","Enter",,,"1624296881970","main.py","1.1.7 for 2019-2020 @t1"
"e","
","","53","1624296881985","main.py","1.1.7 for 2019-2020 @t1"
"e","f","","53","1624296882133","main.py","1.1.7 for 2019-2020 @t1"
"k","f",,"54","1624296882134","main.py","1.1.7 for 2019-2020 @t1"
"a","Backspace",,,"1624296882546","main.py","1.1.7 for 2019-2020 @t1"
"e","","f","53","1624296882558","main.py","1.1.7 for 2019-2020 @t1"
"e","i","","53","1624296882767","main.py","1.1.7 for 2019-2020 @t1"
"k","i",,"54","1624296882768","main.py","1.1.7 for 2019-2020 @t1"
"e","m","","54","1624296882967","main.py","1.1.7 for 2019-2020 @t1"
"k","m",,"55","1624296882979","main.py","1.1.7 for 2019-2020 @t1"
"a","Choose Lookup Item",,,"1624296883238","main.py","1.1.7 for 2019-2020 @t1"
"e","port","","55","1624296883265","main.py","1.1.7 for 2019-2020 @t1"
"e"," ","","59","1624296883279","main.py","1.1.7 for 2019-2020 @t1"
"e","o","","60","1624296883581","main.py","1.1.7 for 2019-2020 @t1"
"k","o",,"61","1624296883583","main.py","1.1.7 for 2019-2020 @t1"
"e","s","","61","1624296883716","main.py","1.1.7 for 2019-2020 @t1"
"k","s",,"62","1624296883721","main.py","1.1.7 for 2019-2020 @t1"
"a","Choose Lookup Item",,,"1624296884095","main.py","1.1.7 for 2019-2020 @t1"
"a","Down",,,"1624296884452","main.py","1.1.7 for 2019-2020 @t1"
"a","Down",,,"1624296884632","main.py","1.1.7 for 2019-2020 @t1"
"a","Move Caret to Line End",,,"1624296885032","main.py","1.1.7 for 2019-2020 @t1"
"e","p","","95","1624296885333","main.py","1.1.7 for 2019-2020 @t1"
"k","p",,"96","1624296885335","main.py","1.1.7 for 2019-2020 @t1"
"e","a","","96","1624296885494","main.py","1.1.7 for 2019-2020 @t1"
"k","a",,"97","1624296885499","main.py","1.1.7 for 2019-2020 @t1"
"a","Choose Lookup Item",,,"1624296885914","main.py","1.1.7 for 2019-2020 @t1"
"e","th","","97","1624296885931","main.py","1.1.7 for 2019-2020 @t1"
"e",".","","99","1624296886125","main.py","1.1.7 for 2019-2020 @t1"
"k",".",,"100","1624296886126","main.py","1.1.7 for 2019-2020 @t1"
"e","C","","100","1624296888497","main.py","1.1.7 for 2019-2020 @t1"
"k","C",,"101","1624296888502","main.py","1.1.7 for 2019-2020 @t1"
"a","Backspace",,,"1624296889293","main.py","1.1.7 for 2019-2020 @t1"
"e","","C","100","1624296889302","main.py","1.1.7 for 2019-2020 @t1"
"a","Backspace",,,"1624296889542","main.py","1.1.7 for 2019-2020 @t1"
"e","",".","99","1624296889552","main.py","1.1.7 for 2019-2020 @t1"
"a","Backspace",,,"1624296907688","main.py","1.1.7 for 2019-2020 @t1"
"e","","h","98","1624296907692","main.py","1.1.7 for 2019-2020 @t1"
"a","Backspace",,,"1624296907835","main.py","1.1.7 for 2019-2020 @t1"
"e","","t","97","1624296907840","main.py","1.1.7 for 2019-2020 @t1"
"a","Backspace",,,"1624296908005","main.py","1.1.7 for 2019-2020 @t1"
"e","","a","96","1624296908010","main.py","1.1.7 for 2019-2020 @t1"
"a","Backspace",,,"1624296908387","main.py","1.1.7 for 2019-2020 @t1"
"e","","p","95","1624296908395","main.py","1.1.7 for 2019-2020 @t1"
"e","g","","95","1624296908767","main.py","1.1.7 for 2019-2020 @t1"
"k","g",,"96","1624296908768","main.py","1.1.7 for 2019-2020 @t1"
"e","e","","96","1624296908876","main.py","1.1.7 for 2019-2020 @t1"
"k","e",,"97","1624296908883","main.py","1.1.7 for 2019-2020 @t1"
"e","t","","97","1624296908967","main.py","1.1.7 for 2019-2020 @t1"
"k","t",,"98","1624296908973","main.py","1.1.7 for 2019-2020 @t1"
"a","Choose Lookup Item",,,"1624296909647","main.py","1.1.7 for 2019-2020 @t1"
"e","cwd","","98","1624296909667","main.py","1.1.7 for 2019-2020 @t1"
"e","(","","101","1624296909676","main.py","1.1.7 for 2019-2020 @t1"
"e",")","","102","1624296909680","main.py","1.1.7 for 2019-2020 @t1"
"a","Down",,,"1624296910308","main.py","1.1.7 for 2019-2020 @t1"
"a","Down",,,"1624296910400","main.py","1.1.7 for 2019-2020 @t1"
"a","Down",,,"1624296910573","main.py","1.1.7 for 2019-2020 @t1"
"a","Down",,,"1624296910744","main.py","1.1.7 for 2019-2020 @t1"
"a","Down",,,"1624296910904","main.py","1.1.7 for 2019-2020 @t1"
"a","Down",,,"1624296911074","main.py","1.1.7 for 2019-2020 @t1"
"a","Down",,,"1624296911241","main.py","1.1.7 for 2019-2020 @t1"
"a","Down",,,"1624296911402","main.py","1.1.7 for 2019-2020 @t1"
"a","Down",,,"1624296911560","main.py","1.1.7 for 2019-2020 @t1"
"a","Down",,,"1624296911729","main.py","1.1.7 for 2019-2020 @t1"
"a","Down",,,"1624296911875","main.py","1.1.7 for 2019-2020 @t1"
"a","Up",,,"1624296912127","main.py","1.1.7 for 2019-2020 @t1"
"a","Up",,,"1624296912282","main.py","1.1.7 for 2019-2020 @t1"
"a","Up",,,"1624296912465","main.py","1.1.7 for 2019-2020 @t1"
"e","o","","241","1624296913480","main.py","1.1.7 for 2019-2020 @t1"
"k","o",,"242","1624296913481","main.py","1.1.7 for 2019-2020 @t1"
"e","s","","242","1624296913581","main.py","1.1.7 for 2019-2020 @t1"
"k","s",,"243","1624296913587","main.py","1.1.7 for 2019-2020 @t1"
"e",".","","243","1624296913722","main.py","1.1.7 for 2019-2020 @t1"
"k",".",,"244","1624296913723","main.py","1.1.7 for 2019-2020 @t1"
"e","p","","244","1624296914036","main.py","1.1.7 for 2019-2020 @t1"
"k","p",,"245","1624296914046","main.py","1.1.7 for 2019-2020 @t1"
"e","a","","245","1624296914186","main.py","1.1.7 for 2019-2020 @t1"
"k","a",,"246","1624296914194","main.py","1.1.7 for 2019-2020 @t1"
"a","Choose Lookup Item",,,"1624296914571","main.py","1.1.7 for 2019-2020 @t1"
"e","th","","246","1624296914617","main.py","1.1.7 for 2019-2020 @t1"
"e",".","","248","1624296914753","main.py","1.1.7 for 2019-2020 @t1"
"k",".",,"249","1624296914754","main.py","1.1.7 for 2019-2020 @t1"
"e","j","","249","1624296915081","main.py","1.1.7 for 2019-2020 @t1"
"k","j",,"250","1624296915085","main.py","1.1.7 for 2019-2020 @t1"
"a","Choose Lookup Item",,,"1624296915409","main.py","1.1.7 for 2019-2020 @t1"
"e","oin","","250","1624296915453","main.py","1.1.7 for 2019-2020 @t1"
"e","(","","253","1624296915462","main.py","1.1.7 for 2019-2020 @t1"
"e",")","","254","1624296915466","main.py","1.1.7 for 2019-2020 @t1"
"e","p","","254","1624296916664","main.py","1.1.7 for 2019-2020 @t1"
"k","p",,"255","1624296916665","main.py","1.1.7 for 2019-2020 @t1"
"e","a","","255","1624296916790","main.py","1.1.7 for 2019-2020 @t1"
"k","a",,"256","1624296916791","main.py","1.1.7 for 2019-2020 @t1"
"a","Choose Lookup Item",,,"1624296917416","main.py","1.1.7 for 2019-2020 @t1"
"e","th","","256","1624296917455","main.py","1.1.7 for 2019-2020 @t1"
"e",",","","258","1624296918406","main.py","1.1.7 for 2019-2020 @t1"
"k",",",,"259","1624296918409","main.py","1.1.7 for 2019-2020 @t1"
"e"," ","","259","1624296918559","main.py","1.1.7 for 2019-2020 @t1"
"k"," ",,"260","1624296918559","main.py","1.1.7 for 2019-2020 @t1"
"a","Left",,,"1624296920988","main.py","1.1.7 for 2019-2020 @t1"
"e","f","","260","1624296923218","main.py","1.1.7 for 2019-2020 @t1"
"k","f",,"261","1624296923219","main.py","1.1.7 for 2019-2020 @t1"
"a","Backspace",,,"1624296923961","main.py","1.1.7 for 2019-2020 @t1"
"e","","f","260","1624296923973","main.py","1.1.7 for 2019-2020 @t1"
"e","f","","260","1624296925134","main.py","1.1.7 for 2019-2020 @t1"
"k","f",,"261","1624296925135","main.py","1.1.7 for 2019-2020 @t1"
"e","""","","261","1624296925381","main.py","1.1.7 for 2019-2020 @t1"
"e","""","","262","1624296925387","main.py","1.1.7 for 2019-2020 @t1"
"k","""",,"262","1624296925388","main.py","1.1.7 for 2019-2020 @t1"
"e","{","","262","1624296926271","main.py","1.1.7 for 2019-2020 @t1"
"e","}","","263","1624296926279","main.py","1.1.7 for 2019-2020 @t1"
"k","{",,"263","1624296926279","main.py","1.1.7 for 2019-2020 @t1"
"k","}",,"264","1624296926282","main.py","1.1.7 for 2019-2020 @t1"
"a","Left",,,"1624296926685","main.py","1.1.7 for 2019-2020 @t1"
"e","f","","263","1624296926922","main.py","1.1.7 for 2019-2020 @t1"
"k","f",,"264","1624296926925","main.py","1.1.7 for 2019-2020 @t1"
"e","i","","264","1624296927192","main.py","1.1.7 for 2019-2020 @t1"
"k","i",,"265","1624296927204","main.py","1.1.7 for 2019-2020 @t1"
"a","Backspace",,,"1624296927977","main.py","1.1.7 for 2019-2020 @t1"
"e","","i","264","1624296927990","main.py","1.1.7 for 2019-2020 @t1"
"e","o","","264","1624296928230","main.py","1.1.7 for 2019-2020 @t1"
"k","o",,"265","1624296928234","main.py","1.1.7 for 2019-2020 @t1"
"e","l","","265","1624296928417","main.py","1.1.7 for 2019-2020 @t1"
"k","l",,"266","1624296928426","main.py","1.1.7 for 2019-2020 @t1"
"e","d","","266","1624296928483","main.py","1.1.7 for 2019-2020 @t1"
"k","d",,"267","1624296928484","main.py","1.1.7 for 2019-2020 @t1"
"e","e","","267","1624296928665","main.py","1.1.7 for 2019-2020 @t1"
"k","e",,"268","1624296928666","main.py","1.1.7 for 2019-2020 @t1"
"e","r","","268","1624296928777","main.py","1.1.7 for 2019-2020 @t1"
"k","r",,"269","1624296928780","main.py","1.1.7 for 2019-2020 @t1"
"a","Right",,,"1624296929087","main.py","1.1.7 for 2019-2020 @t1"
"e","/","","270","1624296929987","main.py","1.1.7 for 2019-2020 @t1"
"k","/",,"271","1624296929988","main.py","1.1.7 for 2019-2020 @t1"
"e","{","","271","1624296932748","main.py","1.1.7 for 2019-2020 @t1"
"e","}","","272","1624296932751","main.py","1.1.7 for 2019-2020 @t1"
"k","{",,"272","1624296932752","main.py","1.1.7 for 2019-2020 @t1"
"k","}",,"273","1624296932782","main.py","1.1.7 for 2019-2020 @t1"
"a","Left",,,"1624296933126","main.py","1.1.7 for 2019-2020 @t1"
"e","f","","272","1624296933396","main.py","1.1.7 for 2019-2020 @t1"
"k","f",,"273","1624296933399","main.py","1.1.7 for 2019-2020 @t1"
"e","i","","273","1624296933565","main.py","1.1.7 for 2019-2020 @t1"
"k","i",,"274","1624296933570","main.py","1.1.7 for 2019-2020 @t1"
"e","l","","274","1624296934997","main.py","1.1.7 for 2019-2020 @t1"
"k","l",,"275","1624296935010","main.py","1.1.7 for 2019-2020 @t1"
"e","e","","275","1624296935090","main.py","1.1.7 for 2019-2020 @t1"
"k","e",,"276","1624296935095","main.py","1.1.7 for 2019-2020 @t1"
"a","Escape",,,"1624296936300","main.py","1.1.7 for 2019-2020 @t1"
"a","Left",,,"1624296941376","main.py","1.1.7 for 2019-2020 @t1"
"a","Up",,,"1624296941521","main.py","1.1.7 for 2019-2020 @t1"
"a","Left",,,"1624296941741","main.py","1.1.7 for 2019-2020 @t1"
"a","Left",,,"1624296942418","main.py","1.1.7 for 2019-2020 @t1"
"e","f","","228","1624296942653","main.py","1.1.7 for 2019-2020 @t1"
"k","f",,"229","1624296942655","main.py","1.1.7 for 2019-2020 @t1"
"e","o","","229","1624296942792","main.py","1.1.7 for 2019-2020 @t1"
"k","o",,"230","1624296942795","main.py","1.1.7 for 2019-2020 @t1"
"e","l","","230","1624296942984","main.py","1.1.7 for 2019-2020 @t1"
"k","l",,"231","1624296942985","main.py","1.1.7 for 2019-2020 @t1"
"e","d","","231","1624296943512","main.py","1.1.7 for 2019-2020 @t1"
"k","d",,"232","1624296943514","main.py","1.1.7 for 2019-2020 @t1"
"e","e","","232","1624296943690","main.py","1.1.7 for 2019-2020 @t1"
"k","e",,"233","1624296943691","main.py","1.1.7 for 2019-2020 @t1"
"e","r","","233","1624296943777","main.py","1.1.7 for 2019-2020 @t1"
"k","r",,"234","1624296943778","main.py","1.1.7 for 2019-2020 @t1"
"e",",","","234","1624296943865","main.py","1.1.7 for 2019-2020 @t1"
"k",",",,"235","1624296943866","main.py","1.1.7 for 2019-2020 @t1"
"e"," ","","235","1624296944102","main.py","1.1.7 for 2019-2020 @t1"
"k"," ",,"236","1624296944106","main.py","1.1.7 for 2019-2020 @t1"
"e","f","","236","1624296944195","main.py","1.1.7 for 2019-2020 @t1"
"k","f",,"237","1624296944196","main.py","1.1.7 for 2019-2020 @t1"
"e","i","","237","1624296944282","main.py","1.1.7 for 2019-2020 @t1"
"k","i",,"238","1624296944282","main.py","1.1.7 for 2019-2020 @t1"
"e","l","","238","1624296944465","main.py","1.1.7 for 2019-2020 @t1"
"k","l",,"239","1624296944466","main.py","1.1.7 for 2019-2020 @t1"
"e","e","","239","1624296944573","main.py","1.1.7 for 2019-2020 @t1"
"k","e",,"240","1624296944576","main.py","1.1.7 for 2019-2020 @t1"
"a","Escape",,,"1624296945012","main.py","1.1.7 for 2019-2020 @t1"
"a","Left",,,"1624296945510","main.py","1.1.7 for 2019-2020 @t1"
"a","Left",,,"1624296945676","main.py","1.1.7 for 2019-2020 @t1"
"a","Left",,,"1624296945844","main.py","1.1.7 for 2019-2020 @t1"
"a","Left",,,"1624296946005","main.py","1.1.7 for 2019-2020 @t1"
"a","Left",,,"1624296946176","main.py","1.1.7 for 2019-2020 @t1"
"a","Left",,,"1624296946330","main.py","1.1.7 for 2019-2020 @t1"
"a","Left",,,"1624296946496","main.py","1.1.7 for 2019-2020 @t1"
"a","Left",,,"1624296946706","main.py","1.1.7 for 2019-2020 @t1"
"a","Left",,,"1624296946824","main.py","1.1.7 for 2019-2020 @t1"
"a","Left",,,"1624296946984","main.py","1.1.7 for 2019-2020 @t1"
"a","Left",,,"1624296947148","main.py","1.1.7 for 2019-2020 @t1"
"a","Left",,,"1624296947292","main.py","1.1.7 for 2019-2020 @t1"
"a","Left",,,"1624296948111","main.py","1.1.7 for 2019-2020 @t1"
"a","Backspace",,,"1624296948442","main.py","1.1.7 for 2019-2020 @t1"
"e","","x","226","1624296948449","main.py","1.1.7 for 2019-2020 @t1"
"a","Backspace",,,"1624296948586","main.py","1.1.7 for 2019-2020 @t1"
"e","","e","225","1624296948593","main.py","1.1.7 for 2019-2020 @t1"
"a","Backspace",,,"1624296948752","main.py","1.1.7 for 2019-2020 @t1"
"e","","d","224","1624296948761","main.py","1.1.7 for 2019-2020 @t1"
"a","Backspace",,,"1624296948897","main.py","1.1.7 for 2019-2020 @t1"
"e","","n","223","1624296948906","main.py","1.1.7 for 2019-2020 @t1"
"a","Backspace",,,"1624296949054","main.py","1.1.7 for 2019-2020 @t1"
"e","","i","222","1624296949059","main.py","1.1.7 for 2019-2020 @t1"
"e","g","","222","1624296949536","main.py","1.1.7 for 2019-2020 @t1"
"k","g",,"223","1624296949537","main.py","1.1.7 for 2019-2020 @t1"
"e","e","","223","1624296949616","main.py","1.1.7 for 2019-2020 @t1"
"k","e",,"224","1624296949619","main.py","1.1.7 for 2019-2020 @t1"
"e","t","","224","1624296949702","main.py","1.1.7 for 2019-2020 @t1"
"k","t",,"225","1624296949709","main.py","1.1.7 for 2019-2020 @t1"
"a","Escape",,,"1624296950252","main.py","1.1.7 for 2019-2020 @t1"
"e","_","","225","1624296953575","main.py","1.1.7 for 2019-2020 @t1"
"k","_",,"226","1624296953576","main.py","1.1.7 for 2019-2020 @t1"
"e","f","","226","1624296953718","main.py","1.1.7 for 2019-2020 @t1"
"k","f",,"227","1624296953722","main.py","1.1.7 for 2019-2020 @t1"
"e","i","","227","1624296953842","main.py","1.1.7 for 2019-2020 @t1"
"k","i",,"228","1624296953864","main.py","1.1.7 for 2019-2020 @t1"
"e","l","","228","1624296954001","main.py","1.1.7 for 2019-2020 @t1"
"k","l",,"229","1624296954003","main.py","1.1.7 for 2019-2020 @t1"
"e","e","","229","1624296954117","main.py","1.1.7 for 2019-2020 @t1"
"k","e",,"230","1624296954118","main.py","1.1.7 for 2019-2020 @t1"
"a","Left",,,"1624296956103","main.py","1.1.7 for 2019-2020 @t1"
"e","d","","309","1624296956571","main.py","1.1.7 for 2019-2020 @t1"
"k","d",,"310","1624296956573","main.py","1.1.7 for 2019-2020 @t1"
"e","i","","310","1624296956800","main.py","1.1.7 for 2019-2020 @t1"
"k","i",,"311","1624296956805","main.py","1.1.7 for 2019-2020 @t1"
"e","r","","311","1624296956980","main.py","1.1.7 for 2019-2020 @t1"
"k","r",,"312","1624296956991","main.py","1.1.7 for 2019-2020 @t1"
"a","Down",,,"1624296957746","main.py","1.1.7 for 2019-2020 @t1"
"a","Up",,,"1624296958222","main.py","1.1.7 for 2019-2020 @t1"
"a","Move Caret to Line Start",,,"1624296958489","main.py","1.1.7 for 2019-2020 @t1"
"e","r","","299","1624296958690","main.py","1.1.7 for 2019-2020 @t1"
"k","r",,"300","1624296958693","main.py","1.1.7 for 2019-2020 @t1"
"e","e","","300","1624296958786","main.py","1.1.7 for 2019-2020 @t1"
"k","e",,"301","1624296958787","main.py","1.1.7 for 2019-2020 @t1"
"a","Choose Lookup Item",,,"1624296959750","main.py","1.1.7 for 2019-2020 @t1"
"e","turn","","301","1624296959782","main.py","1.1.7 for 2019-2020 @t1"
"e"," ","","305","1624296959793","main.py","1.1.7 for 2019-2020 @t1"
"a","Down",,,"1624296960194","main.py","1.1.7 for 2019-2020 @t1"
"a","Move Caret to Line End",,,"1624296960434","main.py","1.1.7 for 2019-2020 @t1"
"a","Move Caret to Line Start with Selection",,,"1624296961046","main.py","1.1.7 for 2019-2020 @t1"
"a","Backspace",,,"1624296961357","main.py","1.1.7 for 2019-2020 @t1"
"e","","return ""<h1>Welcome to our server !!</h1>""","325","1624296961364","main.py","1.1.7 for 2019-2020 @t1"
"a","Backspace",,,"1624296961841","main.py","1.1.7 for 2019-2020 @t1"
"e",""," ","324","1624296961849","main.py","1.1.7 for 2019-2020 @t1"
"e","","   ","321","1624296961853","main.py","1.1.7 for 2019-2020 @t1"
"a","Backspace",,,"1624296962525","main.py","1.1.7 for 2019-2020 @t1"
"e","","
","322","1624296962532","main.py","1.1.7 for 2019-2020 @t1"
"a","Clean Up Code",,,"1624296966688","main.py","1.1.7 for 2019-2020 @t1"
"e","",", ","32","1624296966731","main.py","1.1.7 for 2019-2020 @t1"
"e"," ","","32","1624296966751","main.py","1.1.7 for 2019-2020 @t1"
"e","","request","25","1624296966756","main.py","1.1.7 for 2019-2020 @t1"
"e"," ","","26","1624296966762","main.py","1.1.7 for 2019-2020 @t1"
"e",""," ","26","1624296966772","main.py","1.1.7 for 2019-2020 @t1"
"e","",", ","33","1624296966781","main.py","1.1.7 for 2019-2020 @t1"
"e"," ","","33","1624296966788","main.py","1.1.7 for 2019-2020 @t1"
"e","","jsonify","26","1624296966793","main.py","1.1.7 for 2019-2020 @t1"
"e"," ","","27","1624296966799","main.py","1.1.7 for 2019-2020 @t1"
"e",""," ","27","1624296966804","main.py","1.1.7 for 2019-2020 @t1"
"e","mport osi","","38","1624296966905","main.py","1.1.7 for 2019-2020 @t1"
"e","

","","56","1624296966911","main.py","1.1.7 for 2019-2020 @t1"
"e","from flask import Flask, send_file","","57","1624296966916","main.py","1.1.7 for 2019-2020 @t1"
"e","
","","92","1624296966921","main.py","1.1.7 for 2019-2020 @t1"
"e","
","","46","1624296966926","main.py","1.1.7 for 2019-2020 @t1"
"e","","
","93","1624296966932","main.py","1.1.7 for 2019-2020 @t1"
"e","","  ","24","1624296967016","main.py","1.1.7 for 2019-2020 @t1"
"e","
","","91","1624296967020","main.py","1.1.7 for 2019-2020 @t1"
"e","","from flask import Flask, send_file
import os
","0","1624296967027","main.py","1.1.7 for 2019-2020 @t1"
"a","Clean Up Code",,,"1624296967097","main.py","1.1.7 for 2019-2020 @t1"
"e","
","","89","1624296967145","main.py","1.1.7 for 2019-2020 @t1"
"e","
","","167","1624296967163","main.py","1.1.7 for 2019-2020 @t1"
"e","
","","308","1624296967167","main.py","1.1.7 for 2019-2020 @t1"
"e","
","","457","1624296967174","main.py","1.1.7 for 2019-2020 @t1"
"a","Clean Up Code",,,"1624296967250","main.py","1.1.7 for 2019-2020 @t1"
"a","SonarLint: Show rule description 'python:S5806'",,,"1624296973621","main.py","1.1.7 for 2019-2020 @t1"
"e","p","","236","1624296976078","main.py","1.1.7 for 2019-2020 @t1"
"k","p",,"237","1624296976081","main.py","1.1.7 for 2019-2020 @t1"
"e","a","","237","1624296976243","main.py","1.1.7 for 2019-2020 @t1"
"k","a",,"238","1624296976249","main.py","1.1.7 for 2019-2020 @t1"
"e","t","","238","1624296976370","main.py","1.1.7 for 2019-2020 @t1"
"k","t",,"239","1624296976375","main.py","1.1.7 for 2019-2020 @t1"
"a","Backspace",,,"1624296977041","main.py","1.1.7 for 2019-2020 @t1"
"e","","t","238","1624296977049","main.py","1.1.7 for 2019-2020 @t1"
"a","Backspace",,,"1624296977185","main.py","1.1.7 for 2019-2020 @t1"
"e","","a","237","1624296977189","main.py","1.1.7 for 2019-2020 @t1"
"e","f","","237","1624296977482","main.py","1.1.7 for 2019-2020 @t1"
"k","f",,"238","1624296977509","main.py","1.1.7 for 2019-2020 @t1"
"e","i","","238","1624296977609","main.py","1.1.7 for 2019-2020 @t1"
"k","i",,"239","1624296977613","main.py","1.1.7 for 2019-2020 @t1"
"a","Backspace",,,"1624296977992","main.py","1.1.7 for 2019-2020 @t1"
"e","","i","238","1624296978003","main.py","1.1.7 for 2019-2020 @t1"
"a","Backspace",,,"1624296978128","main.py","1.1.7 for 2019-2020 @t1"
"e","","f","237","1624296978132","main.py","1.1.7 for 2019-2020 @t1"
"a","Backspace",,,"1624296978279","main.py","1.1.7 for 2019-2020 @t1"
"e","","p","236","1624296978289","main.py","1.1.7 for 2019-2020 @t1"
"e","f","","236","1624296980444","main.py","1.1.7 for 2019-2020 @t1"
"k","f",,"237","1624296980445","main.py","1.1.7 for 2019-2020 @t1"
"e","i","","237","1624296980548","main.py","1.1.7 for 2019-2020 @t1"
"k","i",,"238","1624296980549","main.py","1.1.7 for 2019-2020 @t1"
"e","l","","238","1624296980683","main.py","1.1.7 for 2019-2020 @t1"
"k","l",,"239","1624296980689","main.py","1.1.7 for 2019-2020 @t1"
"e","e","","239","1624296980771","main.py","1.1.7 for 2019-2020 @t1"
"k","e",,"240","1624296980776","main.py","1.1.7 for 2019-2020 @t1"
"e","_","","240","1624296981241","main.py","1.1.7 for 2019-2020 @t1"
"k","_",,"241","1624296981261","main.py","1.1.7 for 2019-2020 @t1"
"e","","dir","307","1624296983000","main.py","1.1.7 for 2019-2020 @t1"
"e","f","","307","1624296983011","main.py","1.1.7 for 2019-2020 @t1"
"k","f",,"308","1624296983013","main.py","1.1.7 for 2019-2020 @t1"
"e","i","","308","1624296983157","main.py","1.1.7 for 2019-2020 @t1"
"k","i",,"309","1624296983166","main.py","1.1.7 for 2019-2020 @t1"
"a","Choose Lookup Item",,,"1624296983599","main.py","1.1.7 for 2019-2020 @t1"
"e","le_dir","","309","1624296983641","main.py","1.1.7 for 2019-2020 @t1"
"a","Clean Up Code",,,"1624296985582","main.py","1.1.7 for 2019-2020 @t1"
"e","import os","","45","1624296985591","main.py","1.1.7 for 2019-2020 @t1"
"e","

","","56","1624296985596","main.py","1.1.7 for 2019-2020 @t1"
"e","from flask import Flask, send_file","","56","1624296985601","main.py","1.1.7 for 2019-2020 @t1"
"e","
","","92","1624296985605","main.py","1.1.7 for 2019-2020 @t1"
"e","
","","45","1624296985615","main.py","1.1.7 for 2019-2020 @t1"
"e","","
","93","1624296985620","main.py","1.1.7 for 2019-2020 @t1"
"e","","import os

from flask import Flask, send_file
","0","1624296985629","main.py","1.1.7 for 2019-2020 @t1"
"a","Clean Up Code",,,"1624296985645","main.py","1.1.7 for 2019-2020 @t1"
"a","Clean Up Code",,,"1624296985659","main.py","1.1.7 for 2019-2020 @t1"
"a","Left",,,"1624297037420","main.py","1.1.7 for 2019-2020 @t1"
"a","Right",,,"1624297037684","main.py","1.1.7 for 2019-2020 @t1"
"a","Left",,,"1624297038034","main.py","1.1.7 for 2019-2020 @t1"
"e","'","","268","1624297038579","main.py","1.1.7 for 2019-2020 @t1"
"k","'",,"269","1624297038579","main.py","1.1.7 for 2019-2020 @t1"
"e","d","","269","1624297038828","main.py","1.1.7 for 2019-2020 @t1"
"k","d",,"270","1624297038829","main.py","1.1.7 for 2019-2020 @t1"
"e","a","","270","1624297038950","main.py","1.1.7 for 2019-2020 @t1"
"k","a",,"271","1624297038951","main.py","1.1.7 for 2019-2020 @t1"
"a","Backspace",,,"1624297039449","main.py","1.1.7 for 2019-2020 @t1"
"e","","a","270","1624297039458","main.py","1.1.7 for 2019-2020 @t1"
"a","Backspace",,,"1624297039582","main.py","1.1.7 for 2019-2020 @t1"
"e","","d","269","1624297039593","main.py","1.1.7 for 2019-2020 @t1"
"a","Backspace",,,"1624297039731","main.py","1.1.7 for 2019-2020 @t1"
"e","","'","268","1624297039757","main.py","1.1.7 for 2019-2020 @t1"
"e","d","","268","1624297039904","main.py","1.1.7 for 2019-2020 @t1"
"k","d",,"269","1624297039905","main.py","1.1.7 for 2019-2020 @t1"
"e","a","","269","1624297039992","main.py","1.1.7 for 2019-2020 @t1"
"k","a",,"270","1624297039996","main.py","1.1.7 for 2019-2020 @t1"
"e","t","","270","1624297040306","main.py","1.1.7 for 2019-2020 @t1"
"k","t",,"271","1624297040312","main.py","1.1.7 for 2019-2020 @t1"
"e","a","","271","1624297040540","main.py","1.1.7 for 2019-2020 @t1"
"k","a",,"272","1624297040548","main.py","1.1.7 for 2019-2020 @t1"
"e","/","","272","1624297040638","main.py","1.1.7 for 2019-2020 @t1"
"k","/",,"273","1624297040639","main.py","1.1.7 for 2019-2020 @t1"
"e","","5000","467","1624297068379","main.py","1.1.7 for 2019-2020 @t1"
"e","8","","467","1624297068382","main.py","1.1.7 for 2019-2020 @t1"
"k","8",,"468","1624297068383","main.py","1.1.7 for 2019-2020 @t1"
"e","0","","468","1624297068462","main.py","1.1.7 for 2019-2020 @t1"
"k","0",,"469","1624297068463","main.py","1.1.7 for 2019-2020 @t1"
"e","8","","469","1624297068567","main.py","1.1.7 for 2019-2020 @t1"
"k","8",,"470","1624297068568","main.py","1.1.7 for 2019-2020 @t1"
"e","1","","470","1624297068714","main.py","1.1.7 for 2019-2020 @t1"
"k","1",,"471","1624297068716","main.py","1.1.7 for 2019-2020 @t1"
"a","Down",,,"1624297142791","main.py","1.1.7 for 2019-2020 @t1"
"a","Move Caret to Line End",,,"1624297143167","main.py","1.1.7 for 2019-2020 @t1"
"a","Enter",,,"1624297143421","main.py","1.1.7 for 2019-2020 @t1"
"e","
","","47","1624297143438","main.py","1.1.7 for 2019-2020 @t1"
"a","Paste",,,"1624297143940","main.py","1.1.7 for 2019-2020 @t1"
"p","from flask_cors import CORS",,"46","1624297144040","main.py","1.1.7 for 2019-2020 @t1"
"e","from flask_cors import CORS","","46","1624297144049","main.py","1.1.7 for 2019-2020 @t1"
"a","Enter",,,"1624297145451","main.py","1.1.7 for 2019-2020 @t1"
"e","
","","118","1624297145464","main.py","1.1.7 for 2019-2020 @t1"
"a","Up",,,"1624297146155","main.py","1.1.7 for 2019-2020 @t1"
"a","Up",,,"1624297146330","main.py","1.1.7 for 2019-2020 @t1"
"a","Move Caret to Line End",,,"1624297146563","main.py","1.1.7 for 2019-2020 @t1"
"a","Enter",,,"1624297146834","main.py","1.1.7 for 2019-2020 @t1"
"e","
","","97","1624297146839","main.py","1.1.7 for 2019-2020 @t1"
"e","C","","97","1624297147686","main.py","1.1.7 for 2019-2020 @t1"
"k","C",,"98","1624297147686","main.py","1.1.7 for 2019-2020 @t1"
"e","O","","98","1624297147862","main.py","1.1.7 for 2019-2020 @t1"
"k","O",,"99","1624297147872","main.py","1.1.7 for 2019-2020 @t1"
"e","R","","99","1624297147933","main.py","1.1.7 for 2019-2020 @t1"
"k","R",,"100","1624297147936","main.py","1.1.7 for 2019-2020 @t1"
"a","Choose Lookup Item",,,"1624297148335","main.py","1.1.7 for 2019-2020 @t1"
"e","S","","100","1624297148356","main.py","1.1.7 for 2019-2020 @t1"
"e","(","","101","1624297149235","main.py","1.1.7 for 2019-2020 @t1"
"e",")","","102","1624297149244","main.py","1.1.7 for 2019-2020 @t1"
"k","(",,"102","1624297149245","main.py","1.1.7 for 2019-2020 @t1"
"e","a","","102","1624297149382","main.py","1.1.7 for 2019-2020 @t1"
"k","a",,"103","1624297149384","main.py","1.1.7 for 2019-2020 @t1"
"e","p","","103","1624297149486","main.py","1.1.7 for 2019-2020 @t1"
"k","p",,"104","1624297149487","main.py","1.1.7 for 2019-2020 @t1"
"e","p","","104","1624297149621","main.py","1.1.7 for 2019-2020 @t1"
"k","p",,"105","1624297149626","main.py","1.1.7 for 2019-2020 @t1"
"a","Choose Lookup Item",,,"1624297150288","main.py","1.1.7 for 2019-2020 @t1"
