"a","Paste",,,"1631308737597","plot_pickle.py","1.1.7 for 2019-2020 @t1"
"p","def plot_grid(data, final_code, plot_dir=None, pickle_dir = None, identifier = None):

        fig, ax = plt.subplots(figsize=(25, 8))
        ax.set_aspect('auto')
        ax.imshow(data, cmap=cmap, aspect='auto')
        # draw gridlines
        events = len(data)
        x_major_ticks = np.arange(0, len(final_code), 100)
        x_minor_ticks = np.arange(0, len(final_code), 50)

        y_major_ticks = np.arange(0, events, 100)
        y_minor_ticks = np.arange(0, events, 50)

        ax.set_xticks(x_major_ticks)
        ax.set_xticks(x_minor_ticks, minor=True)

        ax.set_yticks(y_major_ticks)
        ax.set_yticks(y_minor_ticks, minor=True)

        ax.grid(which='both')
        ax.grid(which='major', color='#CCCCCC', linestyle='-', lw=0.7, alpha=0.5)
        ax.grid(which='minor', color='#CCCCCC', linestyle='-', lw=0.7, alpha=0.5)
        if plot_dir:
            plt.savefig(os.path.join(plot_dir, f""{identifier}.png""))
        if pickle_dir:
            pickle_data = {
                'data': data,
                'y_ticks': {
                    'major': y_major_ticks,
                    'minor': y_minor_ticks
                },
                'x_ticks': {
                    'major': x_major_ticks,
                    'minor': y_minor_ticks
                }
            }
            with open(os.path.join(pickle_dir, f'{identifier} .pickle'), 'wb') as handle:
                pickle.dump(pickle_data, handle, protocol=pickle.HIGHEST_PROTOCOL)",,"0","1631308737598","plot_pickle.py","1.1.7 for 2019-2020 @t1"
"e","def plot_grid(data, final_code, plot_dir=None, pickle_dir = None, identifier = None):

    fig, ax = plt.subplots(figsize=(25, 8))
    ax.set_aspect('auto')
    ax.imshow(data, cmap=cmap, aspect='auto')
    # draw gridlines
    events = len(data)
    x_major_ticks = np.arange(0, len(final_code), 100)
    x_minor_ticks = np.arange(0, len(final_code), 50)

    y_major_ticks = np.arange(0, events, 100)
    y_minor_ticks = np.arange(0, events, 50)

    ax.set_xticks(x_major_ticks)
    ax.set_xticks(x_minor_ticks, minor=True)

    ax.set_yticks(y_major_ticks)
    ax.set_yticks(y_minor_ticks, minor=True)

    ax.grid(which='both')
    ax.grid(which='major', color='#CCCCCC', linestyle='-', lw=0.7, alpha=0.5)
    ax.grid(which='minor', color='#CCCCCC', linestyle='-', lw=0.7, alpha=0.5)
    if plot_dir:
        plt.savefig(os.path.join(plot_dir, f""{identifier}.png""))
    if pickle_dir:
        pickle_data = {
            'data': data,
            'y_ticks': {
                'major': y_major_ticks,
                'minor': y_minor_ticks
            },
            'x_ticks': {
                'major': x_major_ticks,
                'minor': y_minor_ticks
            }
        }
        with open(os.path.join(pickle_dir, f'{identifier} .pickle'), 'wb') as handle:
            pickle.dump(pickle_data, handle, protocol=pickle.HIGHEST_PROTOCOL)","","0","1631308737608","plot_pickle.py","1.1.7 for 2019-2020 @t1"
"e",""," ","57","1631308737634","plot_pickle.py","1.1.7 for 2019-2020 @t1"
"e",""," ","58","1631308737638","plot_pickle.py","1.1.7 for 2019-2020 @t1"
"e",""," ","74","1631308737643","plot_pickle.py","1.1.7 for 2019-2020 @t1"
"e",""," ","75","1631308737647","plot_pickle.py","1.1.7 for 2019-2020 @t1"
"e","","
","82","1631308737652","plot_pickle.py","1.1.7 for 2019-2020 @t1"
"a","Backspace",,,"1631308744325","plot_pickle.py","1.1.7 for 2019-2020 @t1"
"e","","None","58","1631308744337","plot_pickle.py","1.1.7 for 2019-2020 @t1"
"a","Backspace",,,"1631308744500","plot_pickle.py","1.1.7 for 2019-2020 @t1"
"e","","=","57","1631308744511","plot_pickle.py","1.1.7 for 2019-2020 @t1"
"a","Backspace",,,"1631308744672","plot_pickle.py","1.1.7 for 2019-2020 @t1"
"e","","r","56","1631308744677","plot_pickle.py","1.1.7 for 2019-2020 @t1"
"a","Backspace",,,"1631308744850","plot_pickle.py","1.1.7 for 2019-2020 @t1"
"e","","i","55","1631308744859","plot_pickle.py","1.1.7 for 2019-2020 @t1"
"a","Backspace",,,"1631308745123","plot_pickle.py","1.1.7 for 2019-2020 @t1"
"e","","d","54","1631308745132","plot_pickle.py","1.1.7 for 2019-2020 @t1"
"a","Backspace",,,"1631308745332","plot_pickle.py","1.1.7 for 2019-2020 @t1"
"e","","_","53","1631308745341","plot_pickle.py","1.1.7 for 2019-2020 @t1"
"a","Delete",,,"1631308749523","plot_pickle.py","1.1.7 for 2019-2020 @t1"
"e","","identifier=None","55","1631308749528","plot_pickle.py","1.1.7 for 2019-2020 @t1"
"e","=","","55","1631308750077","plot_pickle.py","1.1.7 for 2019-2020 @t1"
"k","=",,"56","1631308750079","plot_pickle.py","1.1.7 for 2019-2020 @t1"
"e","=","","55","1631308750271","plot_pickle.py","1.1.7 for 2019-2020 @t1"
"k","=",,"57","1631308750272","plot_pickle.py","1.1.7 for 2019-2020 @t1"
"a","Backspace",,,"1631308751276","plot_pickle.py","1.1.7 for 2019-2020 @t1"
"e","","=","55","1631308751285","plot_pickle.py","1.1.7 for 2019-2020 @t1"
"a","Backspace",,,"1631308751504","plot_pickle.py","1.1.7 for 2019-2020 @t1"
"e","","=","55","1631308751517","plot_pickle.py","1.1.7 for 2019-2020 @t1"
"a","Backspace",,,"1631308751681","plot_pickle.py","1.1.7 for 2019-2020 @t1"
"e",""," ","54","1631308751694","plot_pickle.py","1.1.7 for 2019-2020 @t1"
"a","Backspace",,,"1631308751940","plot_pickle.py","1.1.7 for 2019-2020 @t1"
"e","",",","53","1631308751948","plot_pickle.py","1.1.7 for 2019-2020 @t1"
"a","Left",,,"1631308753955","plot_pickle.py","1.1.7 for 2019-2020 @t1"
"a","Left",,,"1631308754136","plot_pickle.py","1.1.7 for 2019-2020 @t1"
"e","_","","53","1631308755089","plot_pickle.py","1.1.7 for 2019-2020 @t1"
"k","_",,"54","1631308755091","plot_pickle.py","1.1.7 for 2019-2020 @t1"
"e","f","","54","1631308755507","plot_pickle.py","1.1.7 for 2019-2020 @t1"
"k","f",,"55","1631308755507","plot_pickle.py","1.1.7 for 2019-2020 @t1"
"e","i","","55","1631308755564","plot_pickle.py","1.1.7 for 2019-2020 @t1"
"k","i",,"56","1631308755566","plot_pickle.py","1.1.7 for 2019-2020 @t1"
"e","l","","56","1631308755726","plot_pickle.py","1.1.7 for 2019-2020 @t1"
"k","l",,"57","1631308755727","plot_pickle.py","1.1.7 for 2019-2020 @t1"
"e","e","","57","1631308755814","plot_pickle.py","1.1.7 for 2019-2020 @t1"
"k","e",,"58","1631308755815","plot_pickle.py","1.1.7 for 2019-2020 @t1"
"a","Move Caret to Line Start",,,"1631308756936","plot_pickle.py","1.1.7 for 2019-2020 @t1"
"a","Enter",,,"1631308757365","plot_pickle.py","1.1.7 for 2019-2020 @t1"
"e","
","","0","1631308757378","plot_pickle.py","1.1.7 for 2019-2020 @t1"
"a","Up",,,"1631308757871","plot_pickle.py","1.1.7 for 2019-2020 @t1"
"e","i","","0","1631308758480","plot_pickle.py","1.1.7 for 2019-2020 @t1"
"k","i",,"1","1631308758480","plot_pickle.py","1.1.7 for 2019-2020 @t1"
"e","m","","1","1631308758663","plot_pickle.py","1.1.7 for 2019-2020 @t1"
"k","m",,"2","1631308758667","plot_pickle.py","1.1.7 for 2019-2020 @t1"
"e","p","","2","1631308759022","plot_pickle.py","1.1.7 for 2019-2020 @t1"
"k","p",,"3","1631308759037","plot_pickle.py","1.1.7 for 2019-2020 @t1"
"e","o","","3","1631308759091","plot_pickle.py","1.1.7 for 2019-2020 @t1"
"k","o",,"4","1631308759095","plot_pickle.py","1.1.7 for 2019-2020 @t1"
"e","r","","4","1631308759252","plot_pickle.py","1.1.7 for 2019-2020 @t1"
"k","r",,"5","1631308759264","plot_pickle.py","1.1.7 for 2019-2020 @t1"
"e"," ","","5","1631308759472","plot_pickle.py","1.1.7 for 2019-2020 @t1"
"k"," ",,"6","1631308759473","plot_pickle.py","1.1.7 for 2019-2020 @t1"
"a","Backspace",,,"1631308759824","plot_pickle.py","1.1.7 for 2019-2020 @t1"
"e",""," ","5","1631308759827","plot_pickle.py","1.1.7 for 2019-2020 @t1"
"e","t","","5","1631308760433","plot_pickle.py","1.1.7 for 2019-2020 @t1"
"k","t",,"6","1631308760433","plot_pickle.py","1.1.7 for 2019-2020 @t1"
"e"," ","","6","1631308760567","plot_pickle.py","1.1.7 for 2019-2020 @t1"
"k"," ",,"7","1631308760568","plot_pickle.py","1.1.7 for 2019-2020 @t1"
"e","p","","7","1631308760794","plot_pickle.py","1.1.7 for 2019-2020 @t1"
"k","p",,"8","1631308760795","plot_pickle.py","1.1.7 for 2019-2020 @t1"
"e","i","","8","1631308761048","plot_pickle.py","1.1.7 for 2019-2020 @t1"
"k","i",,"9","1631308761067","plot_pickle.py","1.1.7 for 2019-2020 @t1"
"e","c","","9","1631308761189","plot_pickle.py","1.1.7 for 2019-2020 @t1"
"k","c",,"10","1631308761195","plot_pickle.py","1.1.7 for 2019-2020 @t1"
"e","k","","10","1631308761285","plot_pickle.py","1.1.7 for 2019-2020 @t1"
"k","k",,"11","1631308761289","plot_pickle.py","1.1.7 for 2019-2020 @t1"
"a","Backspace",,,"1631308761657","plot_pickle.py","1.1.7 for 2019-2020 @t1"
"e","","k","10","1631308761666","plot_pickle.py","1.1.7 for 2019-2020 @t1"
"a","Choose Lookup Item",,,"1631308762478","plot_pickle.py","1.1.7 for 2019-2020 @t1"
"e","kle","","10","1631308762498","plot_pickle.py","1.1.7 for 2019-2020 @t1"
"a","Enter",,,"1631308763003","plot_pickle.py","1.1.7 for 2019-2020 @t1"
"e","
","","14","1631308763009","plot_pickle.py","1.1.7 for 2019-2020 @t1"
"a","Enter",,,"1631308768073","plot_pickle.py","1.1.7 for 2019-2020 @t1"
"e","
","","76","1631308768080","plot_pickle.py","1.1.7 for 2019-2020 @t1"
"e","    ","","76","1631308768091","plot_pickle.py","1.1.7 for 2019-2020 @t1"
"e","w","","80","1631308773931","plot_pickle.py","1.1.7 for 2019-2020 @t1"
"k","w",,"81","1631308773933","plot_pickle.py","1.1.7 for 2019-2020 @t1"
"e","i","","81","1631308774023","plot_pickle.py","1.1.7 for 2019-2020 @t1"
"k","i",,"82","1631308774027","plot_pickle.py","1.1.7 for 2019-2020 @t1"
"e","t","","82","1631308774147","plot_pickle.py","1.1.7 for 2019-2020 @t1"
"k","t",,"83","1631308774158","plot_pickle.py","1.1.7 for 2019-2020 @t1"
"e","h","","83","1631308774211","plot_pickle.py","1.1.7 for 2019-2020 @t1"
"k","h",,"84","1631308774215","plot_pickle.py","1.1.7 for 2019-2020 @t1"
"e"," ","","84","1631308774444","plot_pickle.py","1.1.7 for 2019-2020 @t1"
"k"," ",,"85","1631308774445","plot_pickle.py","1.1.7 for 2019-2020 @t1"
"e","o","","85","1631308774687","plot_pickle.py","1.1.7 for 2019-2020 @t1"
"k","o",,"86","1631308774689","plot_pickle.py","1.1.7 for 2019-2020 @t1"
"e","p","","86","1631308774777","plot_pickle.py","1.1.7 for 2019-2020 @t1"
"k","p",,"87","1631308774778","plot_pickle.py","1.1.7 for 2019-2020 @t1"
"a","Choose Lookup Item",,,"1631308775433","plot_pickle.py","1.1.7 for 2019-2020 @t1"
"e","en","","87","1631308775455","plot_pickle.py","1.1.7 for 2019-2020 @t1"
"e","(","","89","1631308775476","plot_pickle.py","1.1.7 for 2019-2020 @t1"
"e",")","","90","1631308775481","plot_pickle.py","1.1.7 for 2019-2020 @t1"
"e","p","","90","1631308776393","plot_pickle.py","1.1.7 for 2019-2020 @t1"
"k","p",,"91","1631308776395","plot_pickle.py","1.1.7 for 2019-2020 @t1"
"e","i","","91","1631308776542","plot_pickle.py","1.1.7 for 2019-2020 @t1"
"k","i",,"92","1631308776552","plot_pickle.py","1.1.7 for 2019-2020 @t1"
"e","c","","92","1631308776675","plot_pickle.py","1.1.7 for 2019-2020 @t1"
"k","c",,"93","1631308776687","plot_pickle.py","1.1.7 for 2019-2020 @t1"
"e","k","","93","1631308776741","plot_pickle.py","1.1.7 for 2019-2020 @t1"
"k","k",,"94","1631308776745","plot_pickle.py","1.1.7 for 2019-2020 @t1"
"a","Choose Lookup Item",,,"1631308777383","plot_pickle.py","1.1.7 for 2019-2020 @t1"
"e","le_file","","94","1631308777407","plot_pickle.py","1.1.7 for 2019-2020 @t1"
"a","Right",,,"1631308778360","plot_pickle.py","1.1.7 for 2019-2020 @t1"
"e"," ","","102","1631308778772","plot_pickle.py","1.1.7 for 2019-2020 @t1"
"k"," ",,"103","1631308778773","plot_pickle.py","1.1.7 for 2019-2020 @t1"
"e","a","","103","1631308778880","plot_pickle.py","1.1.7 for 2019-2020 @t1"
"k","a",,"104","1631308778881","plot_pickle.py","1.1.7 for 2019-2020 @t1"
"e","s","","104","1631308778942","plot_pickle.py","1.1.7 for 2019-2020 @t1"
"k","s",,"105","1631308778946","plot_pickle.py","1.1.7 for 2019-2020 @t1"
"e"," ","","105","1631308779027","plot_pickle.py","1.1.7 for 2019-2020 @t1"
"k"," ",,"106","1631308779028","plot_pickle.py","1.1.7 for 2019-2020 @t1"
"e","d","","106","1631308779174","plot_pickle.py","1.1.7 for 2019-2020 @t1"
"k","d",,"107","1631308779175","plot_pickle.py","1.1.7 for 2019-2020 @t1"
"e","i","","107","1631308779313","plot_pickle.py","1.1.7 for 2019-2020 @t1"
"k","i",,"108","1631308779327","plot_pickle.py","1.1.7 for 2019-2020 @t1"
"a","Backspace",,,"1631308779741","plot_pickle.py","1.1.7 for 2019-2020 @t1"
"e","","i","107","1631308779750","plot_pickle.py","1.1.7 for 2019-2020 @t1"
"a","Backspace",,,"1631308779890","plot_pickle.py","1.1.7 for 2019-2020 @t1"
"e","","d","106","1631308779896","plot_pickle.py","1.1.7 for 2019-2020 @t1"
"e","d","","106","1631308780014","plot_pickle.py","1.1.7 for 2019-2020 @t1"
"k","d",,"107","1631308780015","plot_pickle.py","1.1.7 for 2019-2020 @t1"
"e","f","","107","1631308780028","plot_pickle.py","1.1.7 for 2019-2020 @t1"
"k","f",,"108","1631308780029","plot_pickle.py","1.1.7 for 2019-2020 @t1"
"a","Backspace",,,"1631308780536","plot_pickle.py","1.1.7 for 2019-2020 @t1"
"e","","f","107","1631308780541","plot_pickle.py","1.1.7 for 2019-2020 @t1"
"a","Backspace",,,"1631308780688","plot_pickle.py","1.1.7 for 2019-2020 @t1"
"e","","d","106","1631308780698","plot_pickle.py","1.1.7 for 2019-2020 @t1"
"e","f","","106","1631308780900","plot_pickle.py","1.1.7 for 2019-2020 @t1"
"k","f",,"107","1631308780901","plot_pickle.py","1.1.7 for 2019-2020 @t1"
"e","i","","107","1631308781083","plot_pickle.py","1.1.7 for 2019-2020 @t1"
"k","i",,"108","1631308781086","plot_pickle.py","1.1.7 for 2019-2020 @t1"
"e","l","","108","1631308781279","plot_pickle.py","1.1.7 for 2019-2020 @t1"
"k","l",,"109","1631308781285","plot_pickle.py","1.1.7 for 2019-2020 @t1"
"e","e","","109","1631308781404","plot_pickle.py","1.1.7 for 2019-2020 @t1"
"k","e",,"110","1631308781407","plot_pickle.py","1.1.7 for 2019-2020 @t1"
"e",":","","110","1631308781724","plot_pickle.py","1.1.7 for 2019-2020 @t1"
"k",":",,"111","1631308781726","plot_pickle.py","1.1.7 for 2019-2020 @t1"
"a","Enter",,,"1631308782205","plot_pickle.py","1.1.7 for 2019-2020 @t1"
"e","    
","","112","1631308782211","plot_pickle.py","1.1.7 for 2019-2020 @t1"
"e","    ","","116","1631308782221","plot_pickle.py","1.1.7 for 2019-2020 @t1"
"e","p","","120","1631308782643","plot_pickle.py","1.1.7 for 2019-2020 @t1"
"k","p",,"121","1631308782644","plot_pickle.py","1.1.7 for 2019-2020 @t1"
"e","i","","121","1631308782838","plot_pickle.py","1.1.7 for 2019-2020 @t1"
"k","i",,"122","1631308782855","plot_pickle.py","1.1.7 for 2019-2020 @t1"
"e","c","","122","1631308782967","plot_pickle.py","1.1.7 for 2019-2020 @t1"
"k","c",,"123","1631308782970","plot_pickle.py","1.1.7 for 2019-2020 @t1"
"a","Choose Lookup Item",,,"1631308783566","plot_pickle.py","1.1.7 for 2019-2020 @t1"
"e","kle_file","","123","1631308783589","plot_pickle.py","1.1.7 for 2019-2020 @t1"
"e"," ","","131","1631308784369","plot_pickle.py","1.1.7 for 2019-2020 @t1"
"k"," ",,"132","1631308784369","plot_pickle.py","1.1.7 for 2019-2020 @t1"
"e","=","","132","1631308785002","plot_pickle.py","1.1.7 for 2019-2020 @t1"
"k","=",,"133","1631308785003","plot_pickle.py","1.1.7 for 2019-2020 @t1"
"e"," ","","133","1631308785204","plot_pickle.py","1.1.7 for 2019-2020 @t1"
"k"," ",,"134","1631308785205","plot_pickle.py","1.1.7 for 2019-2020 @t1"
"a","Backspace",,,"1631308786255","plot_pickle.py","1.1.7 for 2019-2020 @t1"
"e",""," ","133","1631308786263","plot_pickle.py","1.1.7 for 2019-2020 @t1"
"a","Backspace",,,"1631308786755","plot_pickle.py","1.1.7 for 2019-2020 @t1"
"e","","=","132","1631308786760","plot_pickle.py","1.1.7 for 2019-2020 @t1"
"a","Backspace",,,"1631308786787","plot_pickle.py","1.1.7 for 2019-2020 @t1"
"e",""," ","131","1631308786793","plot_pickle.py","1.1.7 for 2019-2020 @t1"
"a","Backspace",,,"1631308786822","plot_pickle.py","1.1.7 for 2019-2020 @t1"
"e","","e","130","1631308786828","plot_pickle.py","1.1.7 for 2019-2020 @t1"
"a","Backspace",,,"1631308786847","plot_pickle.py","1.1.7 for 2019-2020 @t1"
"e","","l","129","1631308786852","plot_pickle.py","1.1.7 for 2019-2020 @t1"
"a","Backspace",,,"1631308786876","plot_pickle.py","1.1.7 for 2019-2020 @t1"
"e","","i","128","1631308786881","plot_pickle.py","1.1.7 for 2019-2020 @t1"
"a","Backspace",,,"1631308786908","plot_pickle.py","1.1.7 for 2019-2020 @t1"
"e","","f","127","1631308786914","plot_pickle.py","1.1.7 for 2019-2020 @t1"
"a","Backspace",,,"1631308786939","plot_pickle.py","1.1.7 for 2019-2020 @t1"
"e","","_","126","1631308786945","plot_pickle.py","1.1.7 for 2019-2020 @t1"
"a","Backspace",,,"1631308786971","plot_pickle.py","1.1.7 for 2019-2020 @t1"
"e","","e","125","1631308786978","plot_pickle.py","1.1.7 for 2019-2020 @t1"
"a","Backspace",,,"1631308786999","plot_pickle.py","1.1.7 for 2019-2020 @t1"
"e","","l","124","1631308787005","plot_pickle.py","1.1.7 for 2019-2020 @t1"
"a","Backspace",,,"1631308787153","plot_pickle.py","1.1.7 for 2019-2020 @t1"
"e","","k","123","1631308787161","plot_pickle.py","1.1.7 for 2019-2020 @t1"
"a","Backspace",,,"1631308787323","plot_pickle.py","1.1.7 for 2019-2020 @t1"
"e","","c","122","1631308787333","plot_pickle.py","1.1.7 for 2019-2020 @t1"
"a","Backspace",,,"1631308787499","plot_pickle.py","1.1.7 for 2019-2020 @t1"
"e","","i","121","1631308787504","plot_pickle.py","1.1.7 for 2019-2020 @t1"
"a","Backspace",,,"1631308787673","plot_pickle.py","1.1.7 for 2019-2020 @t1"
"e","","p","120","1631308787678","plot_pickle.py","1.1.7 for 2019-2020 @t1"
"e","d","","120","1631308787799","plot_pickle.py","1.1.7 for 2019-2020 @t1"
"k","d",,"121","1631308787800","plot_pickle.py","1.1.7 for 2019-2020 @t1"
"e","a","","121","1631308787855","plot_pickle.py","1.1.7 for 2019-2020 @t1"
"k","a",,"122","1631308787855","plot_pickle.py","1.1.7 for 2019-2020 @t1"
"e","t","","122","1631308788740","plot_pickle.py","1.1.7 for 2019-2020 @t1"
"k","t",,"123","1631308788756","plot_pickle.py","1.1.7 for 2019-2020 @t1"
"e","a","","123","1631308788838","plot_pickle.py","1.1.7 for 2019-2020 @t1"
"k","a",,"124","1631308788842","plot_pickle.py","1.1.7 for 2019-2020 @t1"
"e"," ","","124","1631308788936","plot_pickle.py","1.1.7 for 2019-2020 @t1"
"k"," ",,"125","1631308788936","plot_pickle.py","1.1.7 for 2019-2020 @t1"
"e","=","","125","1631308789145","plot_pickle.py","1.1.7 for 2019-2020 @t1"
"k","=",,"126","1631308789145","plot_pickle.py","1.1.7 for 2019-2020 @t1"
"e"," ","","126","1631308789281","plot_pickle.py","1.1.7 for 2019-2020 @t1"
"k"," ",,"127","1631308789282","plot_pickle.py","1.1.7 for 2019-2020 @t1"
"e","p","","127","1631308789485","plot_pickle.py","1.1.7 for 2019-2020 @t1"
"k","p",,"128","1631308789485","plot_pickle.py","1.1.7 for 2019-2020 @t1"
"e","i","","128","1631308789672","plot_pickle.py","1.1.7 for 2019-2020 @t1"
"k","i",,"129","1631308789675","plot_pickle.py","1.1.7 for 2019-2020 @t1"
"e","c","","129","1631308789779","plot_pickle.py","1.1.7 for 2019-2020 @t1"
"k","c",,"130","1631308789783","plot_pickle.py","1.1.7 for 2019-2020 @t1"
"e","k","","130","1631308789917","plot_pickle.py","1.1.7 for 2019-2020 @t1"
"k","k",,"131","1631308789929","plot_pickle.py","1.1.7 for 2019-2020 @t1"
"a","Choose Lookup Item",,,"1631308790399","plot_pickle.py","1.1.7 for 2019-2020 @t1"
"e","le_file","","131","1631308790413","plot_pickle.py","1.1.7 for 2019-2020 @t1"
"e",".","","138","1631308790595","plot_pickle.py","1.1.7 for 2019-2020 @t1"
"k",".",,"139","1631308790595","plot_pickle.py","1.1.7 for 2019-2020 @t1"
"e","l","","139","1631308790883","plot_pickle.py","1.1.7 for 2019-2020 @t1"
"k","l",,"140","1631308790896","plot_pickle.py","1.1.7 for 2019-2020 @t1"
"a","Backspace",,,"1631308791476","plot_pickle.py","1.1.7 for 2019-2020 @t1"
"e","","l","139","1631308791485","plot_pickle.py","1.1.7 for 2019-2020 @t1"
"a","Backspace",,,"1631308791708","plot_pickle.py","1.1.7 for 2019-2020 @t1"
"e","",".","138","1631308791717","plot_pickle.py","1.1.7 for 2019-2020 @t1"
"a","Backspace",,,"1631308791988","plot_pickle.py","1.1.7 for 2019-2020 @t1"
"e","","e","137","1631308791998","plot_pickle.py","1.1.7 for 2019-2020 @t1"
"a","Backspace",,,"1631308792165","plot_pickle.py","1.1.7 for 2019-2020 @t1"
"e","","l","136","1631308792169","plot_pickle.py","1.1.7 for 2019-2020 @t1"
"a","Backspace",,,"1631308792350","plot_pickle.py","1.1.7 for 2019-2020 @t1"
"e","","i","135","1631308792355","plot_pickle.py","1.1.7 for 2019-2020 @t1"
"a","Backspace",,,"1631308792525","plot_pickle.py","1.1.7 for 2019-2020 @t1"
"e","","f","134","1631308792535","plot_pickle.py","1.1.7 for 2019-2020 @t1"
"a","Backspace",,,"1631308792698","plot_pickle.py","1.1.7 for 2019-2020 @t1"
"e","","_","133","1631308792704","plot_pickle.py","1.1.7 for 2019-2020 @t1"
"e",".","","133","1631308792981","plot_pickle.py","1.1.7 for 2019-2020 @t1"
"k",".",,"134","1631308792981","plot_pickle.py","1.1.7 for 2019-2020 @t1"
"e",";","","134","1631308793297","plot_pickle.py","1.1.7 for 2019-2020 @t1"
"k",";",,"135","1631308793298","plot_pickle.py","1.1.7 for 2019-2020 @t1"
"a","Backspace",,,"1631308793745","plot_pickle.py","1.1.7 for 2019-2020 @t1"
"e","",";","134","1631308793753","plot_pickle.py","1.1.7 for 2019-2020 @t1"
"e","l","","134","1631308794498","plot_pickle.py","1.1.7 for 2019-2020 @t1"
"k","l",,"135","1631308794499","plot_pickle.py","1.1.7 for 2019-2020 @t1"
"e","o","","135","1631308794668","plot_pickle.py","1.1.7 for 2019-2020 @t1"
"k","o",,"136","1631308794673","plot_pickle.py","1.1.7 for 2019-2020 @t1"
"a","Choose Lookup Item",,,"1631308795340","plot_pickle.py","1.1.7 for 2019-2020 @t1"
"e","ad","","136","1631308795361","plot_pickle.py","1.1.7 for 2019-2020 @t1"
"e","(","","138","1631308795380","plot_pickle.py","1.1.7 for 2019-2020 @t1"
"e",")","","139","1631308795386","plot_pickle.py","1.1.7 for 2019-2020 @t1"
"e","f","","139","1631308796786","plot_pickle.py","1.1.7 for 2019-2020 @t1"
"k","f",,"140","1631308796788","plot_pickle.py","1.1.7 for 2019-2020 @t1"
"e","i","","140","1631308796864","plot_pickle.py","1.1.7 for 2019-2020 @t1"
"k","i",,"141","1631308796865","plot_pickle.py","1.1.7 for 2019-2020 @t1"
"e","l","","141","1631308797051","plot_pickle.py","1.1.7 for 2019-2020 @t1"
"k","l",,"142","1631308797065","plot_pickle.py","1.1.7 for 2019-2020 @t1"
"e","e","","142","1631308797144","plot_pickle.py","1.1.7 for 2019-2020 @t1"
"k","e",,"143","1631308797148","plot_pickle.py","1.1.7 for 2019-2020 @t1"
"a","Choose Lookup Item",,,"1631308797571","plot_pickle.py","1.1.7 for 2019-2020 @t1"
"a","Enter",,,"1631308799564","plot_pickle.py","1.1.7 for 2019-2020 @t1"
"e","        
","","145","1631308799580","plot_pickle.py","1.1.7 for 2019-2020 @t1"
"e","","data","120","1631308801820","plot_pickle.py","1.1.7 for 2019-2020 @t1"
"e","p","","120","1631308801824","plot_pickle.py","1.1.7 for 2019-2020 @t1"
"k","p",,"121","1631308801825","plot_pickle.py","1.1.7 for 2019-2020 @t1"
"e","i","","121","1631308802047","plot_pickle.py","1.1.7 for 2019-2020 @t1"
"k","i",,"122","1631308802050","plot_pickle.py","1.1.7 for 2019-2020 @t1"
"e","c","","122","1631308802167","plot_pickle.py","1.1.7 for 2019-2020 @t1"
"k","c",,"123","1631308802179","plot_pickle.py","1.1.7 for 2019-2020 @t1"
"e","k","","123","1631308802256","plot_pickle.py","1.1.7 for 2019-2020 @t1"
"k","k",,"124","1631308802259","plot_pickle.py","1.1.7 for 2019-2020 @t1"
"e","l","","124","1631308802439","plot_pickle.py","1.1.7 for 2019-2020 @t1"
"k","l",,"125","1631308802441","plot_pickle.py","1.1.7 for 2019-2020 @t1"
"e","e","","125","1631308802604","plot_pickle.py","1.1.7 for 2019-2020 @t1"
"k","e",,"126","1631308802615","plot_pickle.py","1.1.7 for 2019-2020 @t1"
"e","_","","126","1631308802895","plot_pickle.py","1.1.7 for 2019-2020 @t1"
"k","_",,"127","1631308802900","plot_pickle.py","1.1.7 for 2019-2020 @t1"
"e","d","","127","1631308803080","plot_pickle.py","1.1.7 for 2019-2020 @t1"
"k","d",,"128","1631308803088","plot_pickle.py","1.1.7 for 2019-2020 @t1"
"e","a","","128","1631308803213","plot_pickle.py","1.1.7 for 2019-2020 @t1"
"k","a",,"129","1631308803214","plot_pickle.py","1.1.7 for 2019-2020 @t1"
"e","t","","129","1631308803335","plot_pickle.py","1.1.7 for 2019-2020 @t1"
"k","t",,"130","1631308803335","plot_pickle.py","1.1.7 for 2019-2020 @t1"
"e","a","","130","1631308803453","plot_pickle.py","1.1.7 for 2019-2020 @t1"
"k","a",,"131","1631308803453","plot_pickle.py","1.1.7 for 2019-2020 @t1"
"a","Backspace",,,"1631308805548","plot_pickle.py","1.1.7 for 2019-2020 @t1"
"e",""," ","159","1631308805558","plot_pickle.py","1.1.7 for 2019-2020 @t1"
"e","","   ","156","1631308805566","plot_pickle.py","1.1.7 for 2019-2020 @t1"
"a","Enter",,,"1631308805988","plot_pickle.py","1.1.7 for 2019-2020 @t1"
"e","    
","","157","1631308805992","plot_pickle.py","1.1.7 for 2019-2020 @t1"
"e","d","","161","1631308806576","plot_pickle.py","1.1.7 for 2019-2020 @t1"
"k","d",,"162","1631308806577","plot_pickle.py","1.1.7 for 2019-2020 @t1"
"e","a","","162","1631308806662","plot_pickle.py","1.1.7 for 2019-2020 @t1"
"k","a",,"163","1631308806667","plot_pickle.py","1.1.7 for 2019-2020 @t1"
"e","t","","163","1631308806826","plot_pickle.py","1.1.7 for 2019-2020 @t1"
"k","t",,"164","1631308806842","plot_pickle.py","1.1.7 for 2019-2020 @t1"
"e","a","","164","1631308806988","plot_pickle.py","1.1.7 for 2019-2020 @t1"
"k","a",,"165","1631308806996","plot_pickle.py","1.1.7 for 2019-2020 @t1"
"e"," ","","165","1631308807082","plot_pickle.py","1.1.7 for 2019-2020 @t1"
"k"," ",,"166","1631308807083","plot_pickle.py","1.1.7 for 2019-2020 @t1"
"e","=","","166","1631308807352","plot_pickle.py","1.1.7 for 2019-2020 @t1"
"k","=",,"167","1631308807353","plot_pickle.py","1.1.7 for 2019-2020 @t1"
"e"," ","","167","1631308807533","plot_pickle.py","1.1.7 for 2019-2020 @t1"
"k"," ",,"168","1631308807534","plot_pickle.py","1.1.7 for 2019-2020 @t1"
"e","p","","168","1631308808075","plot_pickle.py","1.1.7 for 2019-2020 @t1"
"k","p",,"169","1631308808076","plot_pickle.py","1.1.7 for 2019-2020 @t1"
"e","i","","169","1631308808283","plot_pickle.py","1.1.7 for 2019-2020 @t1"
"k","i",,"170","1631308808298","plot_pickle.py","1.1.7 for 2019-2020 @t1"
"e","c","","170","1631308808399","plot_pickle.py","1.1.7 for 2019-2020 @t1"
"k","c",,"171","1631308808402","plot_pickle.py","1.1.7 for 2019-2020 @t1"
"e","k","","171","1631308808544","plot_pickle.py","1.1.7 for 2019-2020 @t1"
"k","k",,"172","1631308808556","plot_pickle.py","1.1.7 for 2019-2020 @t1"
"a","Choose Lookup Item",,,"1631308809825","plot_pickle.py","1.1.7 for 2019-2020 @t1"
"e","le_data","","172","1631308809847","plot_pickle.py","1.1.7 for 2019-2020 @t1"
"e","[","","179","1631308810376","plot_pickle.py","1.1.7 for 2019-2020 @t1"
"e","]","","180","1631308810386","plot_pickle.py","1.1.7 for 2019-2020 @t1"
"k","[",,"180","1631308810387","plot_pickle.py","1.1.7 for 2019-2020 @t1"
"e","'","","180","1631308810585","plot_pickle.py","1.1.7 for 2019-2020 @t1"
"e","'","","181","1631308810593","plot_pickle.py","1.1.7 for 2019-2020 @t1"
"k","'",,"181","1631308810594","plot_pickle.py","1.1.7 for 2019-2020 @t1"
"e","d","","181","1631308810911","plot_pickle.py","1.1.7 for 2019-2020 @t1"
"k","d",,"182","1631308810913","plot_pickle.py","1.1.7 for 2019-2020 @t1"
"e","a","","182","1631308811001","plot_pickle.py","1.1.7 for 2019-2020 @t1"
"k","a",,"183","1631308811001","plot_pickle.py","1.1.7 for 2019-2020 @t1"
"e","t","","183","1631308811251","plot_pickle.py","1.1.7 for 2019-2020 @t1"
"k","t",,"184","1631308811252","plot_pickle.py","1.1.7 for 2019-2020 @t1"
"e","a","","184","1631308811373","plot_pickle.py","1.1.7 for 2019-2020 @t1"
"k","a",,"185","1631308811373","plot_pickle.py","1.1.7 for 2019-2020 @t1"
"a","Move Caret to Line End",,,"1631308812291","plot_pickle.py","1.1.7 for 2019-2020 @t1"
"a","Enter",,,"1631308812763","plot_pickle.py","1.1.7 for 2019-2020 @t1"
"e","    
","","188","1631308812769","plot_pickle.py","1.1.7 for 2019-2020 @t1"
"a","Delete",,,"1631308824900","plot_pickle.py","1.1.7 for 2019-2020 @t1"
"e","","if plot_dir:
        plt.savefig(os.path.join(plot_dir, f""{identifier}.png""))
    if pickle_dir:
        pickle_data = {
            'data': data,
            'y_ticks': {
                'major': y_major_ticks,
                'minor': y_minor_ticks
            },
            'x_ticks': {
                'major': x_major_ticks,
                'minor': y_minor_ticks
            }
        }
        with open(os.path.join(pickle_dir, f'{identifier} .pickle'), 'wb') as handle:
            pickle.dump(pickle_data, handle, protocol=pickle.HIGHEST_PROTOCOL)","899","1631308824915","plot_pickle.py","1.1.7 for 2019-2020 @t1"
"e",",","","13","1631308830832","plot_pickle.py","1.1.7 for 2019-2020 @t1"
"k",",",,"14","1631308830832","plot_pickle.py","1.1.7 for 2019-2020 @t1"
"e"," ","","14","1631308830980","plot_pickle.py","1.1.7 for 2019-2020 @t1"
"k"," ",,"15","1631308830980","plot_pickle.py","1.1.7 for 2019-2020 @t1"
"e","n","","15","1631308831141","plot_pickle.py","1.1.7 for 2019-2020 @t1"
"k","n",,"16","1631308831141","plot_pickle.py","1.1.7 for 2019-2020 @t1"
"e","u","","16","1631308831341","plot_pickle.py","1.1.7 for 2019-2020 @t1"
"k","u",,"17","1631308831346","plot_pickle.py","1.1.7 for 2019-2020 @t1"
"e","m","","17","1631308831534","plot_pickle.py","1.1.7 for 2019-2020 @t1"
"k","m",,"18","1631308831543","plot_pickle.py","1.1.7 for 2019-2020 @t1"
"e","p","","18","1631308831735","plot_pickle.py","1.1.7 for 2019-2020 @t1"
"k","p",,"19","1631308831748","plot_pickle.py","1.1.7 for 2019-2020 @t1"
"e","y","","19","1631308832042","plot_pickle.py","1.1.7 for 2019-2020 @t1"
"k","y",,"20","1631308832057","plot_pickle.py","1.1.7 for 2019-2020 @t1"
"e"," ","","20","1631308832467","plot_pickle.py","1.1.7 for 2019-2020 @t1"
"k"," ",,"21","1631308832468","plot_pickle.py","1.1.7 for 2019-2020 @t1"
"e","a","","21","1631308832569","plot_pickle.py","1.1.7 for 2019-2020 @t1"
"k","a",,"22","1631308832569","plot_pickle.py","1.1.7 for 2019-2020 @t1"
"e","s","","22","1631308832616","plot_pickle.py","1.1.7 for 2019-2020 @t1"
"k","s",,"23","1631308832616","plot_pickle.py","1.1.7 for 2019-2020 @t1"
"e"," ","","23","1631308832698","plot_pickle.py","1.1.7 for 2019-2020 @t1"
"k"," ",,"24","1631308832698","plot_pickle.py","1.1.7 for 2019-2020 @t1"
"e","n","","24","1631308832889","plot_pickle.py","1.1.7 for 2019-2020 @t1"
"k","n",,"25","1631308832891","plot_pickle.py","1.1.7 for 2019-2020 @t1"
"e","[","","25","1631308833451","plot_pickle.py","1.1.7 for 2019-2020 @t1"
"e","]","","26","1631308833458","plot_pickle.py","1.1.7 for 2019-2020 @t1"
"k","[",,"26","1631308833459","plot_pickle.py","1.1.7 for 2019-2020 @t1"
"a","Backspace",,,"1631308834162","plot_pickle.py","1.1.7 for 2019-2020 @t1"
"e","","[","25","1631308834171","plot_pickle.py","1.1.7 for 2019-2020 @t1"
"e","","]","25","1631308834179","plot_pickle.py","1.1.7 for 2019-2020 @t1"
"e","[","","25","1631308834571","plot_pickle.py","1.1.7 for 2019-2020 @t1"
"e","]","","26","1631308834574","plot_pickle.py","1.1.7 for 2019-2020 @t1"
"k","[",,"26","1631308834574","plot_pickle.py","1.1.7 for 2019-2020 @t1"
"a","Backspace",,,"1631308835237","plot_pickle.py","1.1.7 for 2019-2020 @t1"
"e","","[","25","1631308835246","plot_pickle.py","1.1.7 for 2019-2020 @t1"
"e","","]","25","1631308835255","plot_pickle.py","1.1.7 for 2019-2020 @t1"
"e","p","","25","1631308835918","plot_pickle.py","1.1.7 for 2019-2020 @t1"
"k","p",,"26","1631308835919","plot_pickle.py","1.1.7 for 2019-2020 @t1"
"a","Enter",,,"1631308839612","plot_pickle.py","1.1.7 for 2019-2020 @t1"
"e","
","","28","1631308839617","plot_pickle.py","1.1.7 for 2019-2020 @t1"
"e","i","","27","1631308841009","plot_pickle.py","1.1.7 for 2019-2020 @t1"
"k","i",,"28","1631308841010","plot_pickle.py","1.1.7 for 2019-2020 @t1"
"e","m","","28","1631308841177","plot_pickle.py","1.1.7 for 2019-2020 @t1"
"k","m",,"29","1631308841180","plot_pickle.py","1.1.7 for 2019-2020 @t1"
"e","p","","29","1631308841366","plot_pickle.py","1.1.7 for 2019-2020 @t1"
"k","p",,"30","1631308841370","plot_pickle.py","1.1.7 for 2019-2020 @t1"
"e","o","","30","1631308841424","plot_pickle.py","1.1.7 for 2019-2020 @t1"
"k","o",,"31","1631308841428","plot_pickle.py","1.1.7 for 2019-2020 @t1"
"e","r","","31","1631308841641","plot_pickle.py","1.1.7 for 2019-2020 @t1"
"k","r",,"32","1631308841654","plot_pickle.py","1.1.7 for 2019-2020 @t1"
"e","t","","32","1631308841829","plot_pickle.py","1.1.7 for 2019-2020 @t1"
"k","t",,"33","1631308841832","plot_pickle.py","1.1.7 for 2019-2020 @t1"
"e"," ","","33","1631308841917","plot_pickle.py","1.1.7 for 2019-2020 @t1"
"k"," ",,"34","1631308841918","plot_pickle.py","1.1.7 for 2019-2020 @t1"
"e","m","","34","1631308842137","plot_pickle.py","1.1.7 for 2019-2020 @t1"
"k","m",,"35","1631308842138","plot_pickle.py","1.1.7 for 2019-2020 @t1"
"e","a","","35","1631308842213","plot_pickle.py","1.1.7 for 2019-2020 @t1"
"k","a",,"36","1631308842214","plot_pickle.py","1.1.7 for 2019-2020 @t1"
"a","Choose Lookup Item",,,"1631308843504","plot_pickle.py","1.1.7 for 2019-2020 @t1"
"e","tplotlib","","36","1631308843518","plot_pickle.py","1.1.7 for 2019-2020 @t1"
"e",".","","44","1631308843956","plot_pickle.py","1.1.7 for 2019-2020 @t1"
"k",".",,"45","1631308843957","plot_pickle.py","1.1.7 for 2019-2020 @t1"
"e","p","","45","1631308844980","plot_pickle.py","1.1.7 for 2019-2020 @t1"
"k","p",,"46","1631308844996","plot_pickle.py","1.1.7 for 2019-2020 @t1"
"e","y","","46","1631308845302","plot_pickle.py","1.1.7 for 2019-2020 @t1"
"k","y",,"47","1631308845306","plot_pickle.py","1.1.7 for 2019-2020 @t1"
"a","Choose Lookup Item",,,"1631308845859","plot_pickle.py","1.1.7 for 2019-2020 @t1"
"e","plot","","47","1631308845879","plot_pickle.py","1.1.7 for 2019-2020 @t1"
"e"," ","","51","1631308846119","plot_pickle.py","1.1.7 for 2019-2020 @t1"
"k"," ",,"52","1631308846121","plot_pickle.py","1.1.7 for 2019-2020 @t1"
"e","a","","52","1631308846236","plot_pickle.py","1.1.7 for 2019-2020 @t1"
"k","a",,"53","1631308846236","plot_pickle.py","1.1.7 for 2019-2020 @t1"
"e","s","","53","1631308846323","plot_pickle.py","1.1.7 for 2019-2020 @t1"
"k","s",,"54","1631308846327","plot_pickle.py","1.1.7 for 2019-2020 @t1"
"e"," ","","54","1631308846375","plot_pickle.py","1.1.7 for 2019-2020 @t1"
"k"," ",,"55","1631308846375","plot_pickle.py","1.1.7 for 2019-2020 @t1"
"e","p","","55","1631308846526","plot_pickle.py","1.1.7 for 2019-2020 @t1"
"k","p",,"56","1631308846526","plot_pickle.py","1.1.7 for 2019-2020 @t1"
"e","l","","56","1631308846731","plot_pickle.py","1.1.7 for 2019-2020 @t1"
"k","l",,"57","1631308846732","plot_pickle.py","1.1.7 for 2019-2020 @t1"
"e","t","","57","1631308847777","plot_pickle.py","1.1.7 for 2019-2020 @t1"
"k","t",,"58","1631308847778","plot_pickle.py","1.1.7 for 2019-2020 @t1"
"a","Enter",,,"1631308852088","plot_pickle.py","1.1.7 for 2019-2020 @t1"
"e","
","","60","1631308852094","plot_pickle.py","1.1.7 for 2019-2020 @t1"
"a","Delete",,,"1631308857049","plot_pickle.py","1.1.7 for 2019-2020 @t1"
"e","","data, final_code, plot_dir=None,","75","1631308857059","plot_pickle.py","1.1.7 for 2019-2020 @t1"
"a","Delete",,,"1631308858006","plot_pickle.py","1.1.7 for 2019-2020 @t1"
"e",""," ","75","1631308858018","plot_pickle.py","1.1.7 for 2019-2020 @t1"
"a","Enter",,,"1631308860834","plot_pickle.py","1.1.7 for 2019-2020 @t1"
"e","    
","","206","1631308860844","plot_pickle.py","1.1.7 for 2019-2020 @t1"
"a","EditorChange",,,"1631308862417","plot_pickle.py","1.1.7 for 2019-2020 @t1"
"a","EditorChange",,,"1631308864970","plot_pickle.py","1.1.7 for 2019-2020 @t1"
"a","EditorChange",,,"1631308869098","plot_pickle.py","1.1.7 for 2019-2020 @t1"
"e","","np.arange(0, events, 100)","501","1631308875134","plot_pickle.py","1.1.7 for 2019-2020 @t1"
"e","p","","501","1631308875137","plot_pickle.py","1.1.7 for 2019-2020 @t1"
"k","p",,"502","1631308875137","plot_pickle.py","1.1.7 for 2019-2020 @t1"
"e","i","","502","1631308875332","plot_pickle.py","1.1.7 for 2019-2020 @t1"
"k","i",,"503","1631308875348","plot_pickle.py","1.1.7 for 2019-2020 @t1"
"e","c","","503","1631308875472","plot_pickle.py","1.1.7 for 2019-2020 @t1"
"k","c",,"504","1631308875487","plot_pickle.py","1.1.7 for 2019-2020 @t1"
"a","Choose Lookup Item",,,"1631308875952","plot_pickle.py","1.1.7 for 2019-2020 @t1"
"e","kle","","504","1631308875975","plot_pickle.py","1.1.7 for 2019-2020 @t1"
"e","_","","507","1631308877821","plot_pickle.py","1.1.7 for 2019-2020 @t1"
"k","_",,"508","1631308877822","plot_pickle.py","1.1.7 for 2019-2020 @t1"
"e","d","","508","1631308877928","plot_pickle.py","1.1.7 for 2019-2020 @t1"
"k","d",,"509","1631308877932","plot_pickle.py","1.1.7 for 2019-2020 @t1"
"e","a","","509","1631308878034","plot_pickle.py","1.1.7 for 2019-2020 @t1"
"k","a",,"510","1631308878044","plot_pickle.py","1.1.7 for 2019-2020 @t1"
"a","Choose Lookup Item",,,"1631308878405","plot_pickle.py","1.1.7 for 2019-2020 @t1"
"e","ta","","510","1631308878425","plot_pickle.py","1.1.7 for 2019-2020 @t1"
"e","[","","512","1631308878618","plot_pickle.py","1.1.7 for 2019-2020 @t1"
"e","]","","513","1631308878625","plot_pickle.py","1.1.7 for 2019-2020 @t1"
"k","[",,"513","1631308878626","plot_pickle.py","1.1.7 for 2019-2020 @t1"
"e","'","","513","1631308878853","plot_pickle.py","1.1.7 for 2019-2020 @t1"
"e","'","","514","1631308878861","plot_pickle.py","1.1.7 for 2019-2020 @t1"
"k","'",,"514","1631308878862","plot_pickle.py","1.1.7 for 2019-2020 @t1"
"e","y","","514","1631308880303","plot_pickle.py","1.1.7 for 2019-2020 @t1"
"k","y",,"515","1631308880303","plot_pickle.py","1.1.7 for 2019-2020 @t1"
"e","_","","515","1631308880617","plot_pickle.py","1.1.7 for 2019-2020 @t1"
"k","_",,"516","1631308880618","plot_pickle.py","1.1.7 for 2019-2020 @t1"
"e","t","","516","1631308880930","plot_pickle.py","1.1.7 for 2019-2020 @t1"
"k","t",,"517","1631308880930","plot_pickle.py","1.1.7 for 2019-2020 @t1"
"e","i","","517","1631308881164","plot_pickle.py","1.1.7 for 2019-2020 @t1"
"k","i",,"518","1631308881166","plot_pickle.py","1.1.7 for 2019-2020 @t1"
"e","c","","518","1631308881289","plot_pickle.py","1.1.7 for 2019-2020 @t1"
"k","c",,"519","1631308881290","plot_pickle.py","1.1.7 for 2019-2020 @t1"
"e","k","","519","1631308881384","plot_pickle.py","1.1.7 for 2019-2020 @t1"
"k","k",,"520","1631308881385","plot_pickle.py","1.1.7 for 2019-2020 @t1"
"e","s","","520","1631308881508","plot_pickle.py","1.1.7 for 2019-2020 @t1"
"k","s",,"521","1631308881509","plot_pickle.py","1.1.7 for 2019-2020 @t1"
"a","Move Caret to Line End",,,"1631308882634","plot_pickle.py","1.1.7 for 2019-2020 @t1"
"e","[","","523","1631308883510","plot_pickle.py","1.1.7 for 2019-2020 @t1"
"e","]","","524","1631308883514","plot_pickle.py","1.1.7 for 2019-2020 @t1"
"k","[",,"524","1631308883514","plot_pickle.py","1.1.7 for 2019-2020 @t1"
"e","'","","524","1631308883702","plot_pickle.py","1.1.7 for 2019-2020 @t1"
"e","'","","525","1631308883706","plot_pickle.py","1.1.7 for 2019-2020 @t1"
"k","'",,"525","1631308883706","plot_pickle.py","1.1.7 for 2019-2020 @t1"
"e","m","","525","1631308884011","plot_pickle.py","1.1.7 for 2019-2020 @t1"
"k","m",,"526","1631308884011","plot_pickle.py","1.1.7 for 2019-2020 @t1"
"e","a","","526","1631308884122","plot_pickle.py","1.1.7 for 2019-2020 @t1"
"k","a",,"527","1631308884123","plot_pickle.py","1.1.7 for 2019-2020 @t1"
"e","j","","527","1631308884331","plot_pickle.py","1.1.7 for 2019-2020 @t1"
"k","j",,"528","1631308884331","plot_pickle.py","1.1.7 for 2019-2020 @t1"
"e","o","","528","1631308884537","plot_pickle.py","1.1.7 for 2019-2020 @t1"
"k","o",,"529","1631308884537","plot_pickle.py","1.1.7 for 2019-2020 @t1"
"e","r","","529","1631308884667","plot_pickle.py","1.1.7 for 2019-2020 @t1"
"k","r",,"530","1631308884667","plot_pickle.py","1.1.7 for 2019-2020 @t1"
"a","Delete",,,"1631308888308","plot_pickle.py","1.1.7 for 2019-2020 @t1"
"e","","p.arange(0, events, 50)","554","1631308888321","plot_pickle.py","1.1.7 for 2019-2020 @t1"
"a","Backspace",,,"1631308888503","plot_pickle.py","1.1.7 for 2019-2020 @t1"
"e","","n","553","1631308888512","plot_pickle.py","1.1.7 for 2019-2020 @t1"
"e","p","","553","1631308888987","plot_pickle.py","1.1.7 for 2019-2020 @t1"
"k","p",,"554","1631308888988","plot_pickle.py","1.1.7 for 2019-2020 @t1"
"e","i","","554","1631308889175","plot_pickle.py","1.1.7 for 2019-2020 @t1"
"k","i",,"555","1631308889179","plot_pickle.py","1.1.7 for 2019-2020 @t1"
"a","Choose Lookup Item",,,"1631308891064","plot_pickle.py","1.1.7 for 2019-2020 @t1"
"e","ckle_data","","555","1631308891076","plot_pickle.py","1.1.7 for 2019-2020 @t1"
"e","[","","564","1631308891798","plot_pickle.py","1.1.7 for 2019-2020 @t1"
"e","]","","565","1631308891802","plot_pickle.py","1.1.7 for 2019-2020 @t1"
"k","[",,"565","1631308891802","plot_pickle.py","1.1.7 for 2019-2020 @t1"
"e","'","","565","1631308891985","plot_pickle.py","1.1.7 for 2019-2020 @t1"
"e","'","","566","1631308891993","plot_pickle.py","1.1.7 for 2019-2020 @t1"
"k","'",,"566","1631308891994","plot_pickle.py","1.1.7 for 2019-2020 @t1"
"e","y","","566","1631308892358","plot_pickle.py","1.1.7 for 2019-2020 @t1"
"k","y",,"567","1631308892358","plot_pickle.py","1.1.7 for 2019-2020 @t1"
"e","_","","567","1631308892655","plot_pickle.py","1.1.7 for 2019-2020 @t1"
"k","_",,"568","1631308892656","plot_pickle.py","1.1.7 for 2019-2020 @t1"
"e","t","","568","1631308892961","plot_pickle.py","1.1.7 for 2019-2020 @t1"
"k","t",,"569","1631308892962","plot_pickle.py","1.1.7 for 2019-2020 @t1"
"e","i","","569","1631308893120","plot_pickle.py","1.1.7 for 2019-2020 @t1"
"k","i",,"570","1631308893121","plot_pickle.py","1.1.7 for 2019-2020 @t1"
"e","c","","570","1631308893223","plot_pickle.py","1.1.7 for 2019-2020 @t1"
"k","c",,"571","1631308893223","plot_pickle.py","1.1.7 for 2019-2020 @t1"
"e","k","","571","1631308893307","plot_pickle.py","1.1.7 for 2019-2020 @t1"
"k","k",,"572","1631308893307","plot_pickle.py","1.1.7 for 2019-2020 @t1"
"e","s","","572","1631308893421","plot_pickle.py","1.1.7 for 2019-2020 @t1"
"k","s",,"573","1631308893422","plot_pickle.py","1.1.7 for 2019-2020 @t1"
"a","Right",,,"1631308893955","plot_pickle.py","1.1.7 for 2019-2020 @t1"
"a","Right",,,"1631308894159","plot_pickle.py","1.1.7 for 2019-2020 @t1"
"e","[","","575","1631308895341","plot_pickle.py","1.1.7 for 2019-2020 @t1"
"e","]","","576","1631308895348","plot_pickle.py","1.1.7 for 2019-2020 @t1"
"k","[",,"576","1631308895348","plot_pickle.py","1.1.7 for 2019-2020 @t1"
"e","'","","576","1631308895518","plot_pickle.py","1.1.7 for 2019-2020 @t1"
"e","'","","577","1631308895527","plot_pickle.py","1.1.7 for 2019-2020 @t1"
"k","'",,"577","1631308895528","plot_pickle.py","1.1.7 for 2019-2020 @t1"
"e","m","","577","1631308895826","plot_pickle.py","1.1.7 for 2019-2020 @t1"
"k","m",,"578","1631308895827","plot_pickle.py","1.1.7 for 2019-2020 @t1"
"e","i","","578","1631308896022","plot_pickle.py","1.1.7 for 2019-2020 @t1"
"k","i",,"579","1631308896023","plot_pickle.py","1.1.7 for 2019-2020 @t1"
"e","n","","579","1631308896158","plot_pickle.py","1.1.7 for 2019-2020 @t1"
"k","n",,"580","1631308896158","plot_pickle.py","1.1.7 for 2019-2020 @t1"
"e","o","","580","1631308896306","plot_pickle.py","1.1.7 for 2019-2020 @t1"
"k","o",,"581","1631308896306","plot_pickle.py","1.1.7 for 2019-2020 @t1"
"e","r","","581","1631308896400","plot_pickle.py","1.1.7 for 2019-2020 @t1"
"k","r",,"582","1631308896401","plot_pickle.py","1.1.7 for 2019-2020 @t1"
"a","Delete",,,"1631308904195","plot_pickle.py","1.1.7 for 2019-2020 @t1"
"e","","np.arange(0, len(final_code), 100)","391","1631308904204","plot_pickle.py","1.1.7 for 2019-2020 @t1"
"e","p","","391","1631308904574","plot_pickle.py","1.1.7 for 2019-2020 @t1"
"k","p",,"392","1631308904574","plot_pickle.py","1.1.7 for 2019-2020 @t1"
"e","i","","392","1631308904695","plot_pickle.py","1.1.7 for 2019-2020 @t1"
"k","i",,"393","1631308904698","plot_pickle.py","1.1.7 for 2019-2020 @t1"
"e","c","","393","1631308904817","plot_pickle.py","1.1.7 for 2019-2020 @t1"
"k","c",,"394","1631308904829","plot_pickle.py","1.1.7 for 2019-2020 @t1"
"e","k","","394","1631308904887","plot_pickle.py","1.1.7 for 2019-2020 @t1"
"k","k",,"395","1631308904890","plot_pickle.py","1.1.7 for 2019-2020 @t1"
"a","Choose Lookup Item",,,"1631308905402","plot_pickle.py","1.1.7 for 2019-2020 @t1"
"e","le_data","","395","1631308905429","plot_pickle.py","1.1.7 for 2019-2020 @t1"
"e","[","","402","1631308905935","plot_pickle.py","1.1.7 for 2019-2020 @t1"
"e","]","","403","1631308905939","plot_pickle.py","1.1.7 for 2019-2020 @t1"
"k","[",,"403","1631308905939","plot_pickle.py","1.1.7 for 2019-2020 @t1"
"e","'","","403","1631308906132","plot_pickle.py","1.1.7 for 2019-2020 @t1"
"e","'","","404","1631308906140","plot_pickle.py","1.1.7 for 2019-2020 @t1"
"k","'",,"404","1631308906141","plot_pickle.py","1.1.7 for 2019-2020 @t1"
"e","x","","404","1631308906894","plot_pickle.py","1.1.7 for 2019-2020 @t1"
"k","x",,"405","1631308906895","plot_pickle.py","1.1.7 for 2019-2020 @t1"
"e","_","","405","1631308907622","plot_pickle.py","1.1.7 for 2019-2020 @t1"
"k","_",,"406","1631308907622","plot_pickle.py","1.1.7 for 2019-2020 @t1"
"e","t","","406","1631308907915","plot_pickle.py","1.1.7 for 2019-2020 @t1"
"k","t",,"407","1631308907916","plot_pickle.py","1.1.7 for 2019-2020 @t1"
"e","i","","407","1631308908277","plot_pickle.py","1.1.7 for 2019-2020 @t1"
"k","i",,"408","1631308908278","plot_pickle.py","1.1.7 for 2019-2020 @t1"
"e","c","","408","1631308908398","plot_pickle.py","1.1.7 for 2019-2020 @t1"
"k","c",,"409","1631308908399","plot_pickle.py","1.1.7 for 2019-2020 @t1"
"e","k","","409","1631308908500","plot_pickle.py","1.1.7 for 2019-2020 @t1"
"k","k",,"410","1631308908501","plot_pickle.py","1.1.7 for 2019-2020 @t1"
"e","s","","410","1631308908613","plot_pickle.py","1.1.7 for 2019-2020 @t1"
"k","s",,"411","1631308908613","plot_pickle.py","1.1.7 for 2019-2020 @t1"
"a","Move Caret to Line End",,,"1631308909191","plot_pickle.py","1.1.7 for 2019-2020 @t1"
"e","[","","413","1631308910270","plot_pickle.py","1.1.7 for 2019-2020 @t1"
"e","]","","414","1631308910273","plot_pickle.py","1.1.7 for 2019-2020 @t1"
"k","[",,"414","1631308910273","plot_pickle.py","1.1.7 for 2019-2020 @t1"
"e","'","","414","1631308910450","plot_pickle.py","1.1.7 for 2019-2020 @t1"
"e","'","","415","1631308910453","plot_pickle.py","1.1.7 for 2019-2020 @t1"
"k","'",,"415","1631308910453","plot_pickle.py","1.1.7 for 2019-2020 @t1"
"e","m","","415","1631308910753","plot_pickle.py","1.1.7 for 2019-2020 @t1"
"k","m",,"416","1631308910754","plot_pickle.py","1.1.7 for 2019-2020 @t1"
"e","a","","416","1631308910941","plot_pickle.py","1.1.7 for 2019-2020 @t1"
"k","a",,"417","1631308910942","plot_pickle.py","1.1.7 for 2019-2020 @t1"
"e","j","","417","1631308911013","plot_pickle.py","1.1.7 for 2019-2020 @t1"
"k","j",,"418","1631308911014","plot_pickle.py","1.1.7 for 2019-2020 @t1"
"e","o","","418","1631308911190","plot_pickle.py","1.1.7 for 2019-2020 @t1"
"k","o",,"419","1631308911191","plot_pickle.py","1.1.7 for 2019-2020 @t1"
"e","r","","419","1631308911772","plot_pickle.py","1.1.7 for 2019-2020 @t1"
"k","r",,"420","1631308911773","plot_pickle.py","1.1.7 for 2019-2020 @t1"
"a","Delete",,,"1631308916021","plot_pickle.py","1.1.7 for 2019-2020 @t1"
"e","","np.arange(0, len(final_code), 50)","443","1631308916032","plot_pickle.py","1.1.7 for 2019-2020 @t1"
"e","p","","443","1631308916380","plot_pickle.py","1.1.7 for 2019-2020 @t1"
"k","p",,"444","1631308916380","plot_pickle.py","1.1.7 for 2019-2020 @t1"
"e","i","","444","1631308916515","plot_pickle.py","1.1.7 for 2019-2020 @t1"
"k","i",,"445","1631308916519","plot_pickle.py","1.1.7 for 2019-2020 @t1"
"e","c","","445","1631308916641","plot_pickle.py","1.1.7 for 2019-2020 @t1"
"k","c",,"446","1631308916652","plot_pickle.py","1.1.7 for 2019-2020 @t1"
"e","k","","446","1631308916706","plot_pickle.py","1.1.7 for 2019-2020 @t1"
"k","k",,"447","1631308916710","plot_pickle.py","1.1.7 for 2019-2020 @t1"
"a","Choose Lookup Item",,,"1631308917194","plot_pickle.py","1.1.7 for 2019-2020 @t1"
"e","le_data","","447","1631308917213","plot_pickle.py","1.1.7 for 2019-2020 @t1"
"e","[","","454","1631308917625","plot_pickle.py","1.1.7 for 2019-2020 @t1"
"e","]","","455","1631308917630","plot_pickle.py","1.1.7 for 2019-2020 @t1"
"k","[",,"455","1631308917630","plot_pickle.py","1.1.7 for 2019-2020 @t1"
"e","'","","455","1631308917812","plot_pickle.py","1.1.7 for 2019-2020 @t1"
"e","'","","456","1631308917820","plot_pickle.py","1.1.7 for 2019-2020 @t1"
"k","'",,"456","1631308917820","plot_pickle.py","1.1.7 for 2019-2020 @t1"
"e","x","","456","1631308918594","plot_pickle.py","1.1.7 for 2019-2020 @t1"
"k","x",,"457","1631308918595","plot_pickle.py","1.1.7 for 2019-2020 @t1"
"e","_","","457","1631308919676","plot_pickle.py","1.1.7 for 2019-2020 @t1"
"k","_",,"458","1631308919677","plot_pickle.py","1.1.7 for 2019-2020 @t1"
"e","t","","458","1631308919962","plot_pickle.py","1.1.7 for 2019-2020 @t1"
"k","t",,"459","1631308919963","plot_pickle.py","1.1.7 for 2019-2020 @t1"
"e","i","","459","1631308920098","plot_pickle.py","1.1.7 for 2019-2020 @t1"
"k","i",,"460","1631308920099","plot_pickle.py","1.1.7 for 2019-2020 @t1"
"e","c","","460","1631308920201","plot_pickle.py","1.1.7 for 2019-2020 @t1"
"k","c",,"461","1631308920202","plot_pickle.py","1.1.7 for 2019-2020 @t1"
"e","k","","461","1631308920301","plot_pickle.py","1.1.7 for 2019-2020 @t1"
"k","k",,"462","1631308920301","plot_pickle.py","1.1.7 for 2019-2020 @t1"
"e","s","","462","1631308920436","plot_pickle.py","1.1.7 for 2019-2020 @t1"
"k","s",,"463","1631308920438","plot_pickle.py","1.1.7 for 2019-2020 @t1"
"a","Move Caret to Line End",,,"1631308921388","plot_pickle.py","1.1.7 for 2019-2020 @t1"
"e","[","","465","1631308921966","plot_pickle.py","1.1.7 for 2019-2020 @t1"
"e","]","","466","1631308921974","plot_pickle.py","1.1.7 for 2019-2020 @t1"
"k","[",,"466","1631308921975","plot_pickle.py","1.1.7 for 2019-2020 @t1"
"e","'","","466","1631308922210","plot_pickle.py","1.1.7 for 2019-2020 @t1"
"e","'","","467","1631308922218","plot_pickle.py","1.1.7 for 2019-2020 @t1"
"k","'",,"467","1631308922219","plot_pickle.py","1.1.7 for 2019-2020 @t1"
"e","m","","467","1631308922519","plot_pickle.py","1.1.7 for 2019-2020 @t1"
"k","m",,"468","1631308922520","plot_pickle.py","1.1.7 for 2019-2020 @t1"
"e","i","","468","1631308922706","plot_pickle.py","1.1.7 for 2019-2020 @t1"
"k","i",,"469","1631308922707","plot_pickle.py","1.1.7 for 2019-2020 @t1"
"e","n","","469","1631308922847","plot_pickle.py","1.1.7 for 2019-2020 @t1"
"k","n",,"470","1631308922847","plot_pickle.py","1.1.7 for 2019-2020 @t1"
"e","o","","470","1631308923001","plot_pickle.py","1.1.7 for 2019-2020 @t1"
"k","o",,"471","1631308923002","plot_pickle.py","1.1.7 for 2019-2020 @t1"
"e","r","","471","1631308923085","plot_pickle.py","1.1.7 for 2019-2020 @t1"
"k","r",,"472","1631308923085","plot_pickle.py","1.1.7 for 2019-2020 @t1"
"a","Delete",,,"1631308936064","plot_pickle.py","1.1.7 for 2019-2020 @t1"
"e","","    events = len(data)","348","1631308936075","plot_pickle.py","1.1.7 for 2019-2020 @t1"
"a","Delete",,,"1631308936518","plot_pickle.py","1.1.7 for 2019-2020 @t1"
"e","","
","348","1631308936523","plot_pickle.py","1.1.7 for 2019-2020 @t1"
"a","Backspace",,,"1631308941717","plot_pickle.py","1.1.7 for 2019-2020 @t1"
"e",""," ","209","1631308941727","plot_pickle.py","1.1.7 for 2019-2020 @t1"
"e","","   ","206","1631308941732","plot_pickle.py","1.1.7 for 2019-2020 @t1"
"a","Backspace",,,"1631308941944","plot_pickle.py","1.1.7 for 2019-2020 @t1"
"e","","
","206","1631308941954","plot_pickle.py","1.1.7 for 2019-2020 @t1"
"a","Backspace",,,"1631308942527","plot_pickle.py","1.1.7 for 2019-2020 @t1"
"e",""," ","204","1631308942536","plot_pickle.py","1.1.7 for 2019-2020 @t1"
"e","","   ","201","1631308942544","plot_pickle.py","1.1.7 for 2019-2020 @t1"
"a","Backspace",,,"1631308942962","plot_pickle.py","1.1.7 for 2019-2020 @t1"
"e","","
","201","1631308942970","plot_pickle.py","1.1.7 for 2019-2020 @t1"
"a","Delete",,,"1631308946938","plot_pickle.py","1.1.7 for 2019-2020 @t1"
"e","","numpy as np","15","1631308946949","plot_pickle.py","1.1.7 for 2019-2020 @t1"
"a","Backspace",,,"1631308947192","plot_pickle.py","1.1.7 for 2019-2020 @t1"
"e",""," ","14","1631308947201","plot_pickle.py","1.1.7 for 2019-2020 @t1"
"a","Backspace",,,"1631308947372","plot_pickle.py","1.1.7 for 2019-2020 @t1"
"e","",",","13","1631308947388","plot_pickle.py","1.1.7 for 2019-2020 @t1"
"a","EditorChange",,,"1631308950233","plot_pickle.py","1.1.7 for 2019-2020 @t1"
"a","Paste",,,"1631308959714","plot_pickle.py","1.1.7 for 2019-2020 @t1"
"p","cmap = colors.ListedColormap(['white', 'lightblue'])",,"47","1631308959714","plot_pickle.py","1.1.7 for 2019-2020 @t1"
"e","cmap = colors.ListedColormap(['white', 'lightblue'])","","47","1631308959724","plot_pickle.py","1.1.7 for 2019-2020 @t1"
"a","Enter",,,"1631308960740","plot_pickle.py","1.1.7 for 2019-2020 @t1"
"e","
","","100","1631308960745","plot_pickle.py","1.1.7 for 2019-2020 @t1"
"a","EditorChange",,,"1631308962537","plot_pickle.py","1.1.7 for 2019-2020 @t1"
"a","Paste",,,"1631308988243","plot_pickle.py","1.1.7 for 2019-2020 @t1"
"p","from matplotlib import colors
from matplotlib import pyplot as plt",,"15","1631308988243","plot_pickle.py","1.1.7 for 2019-2020 @t1"
"e","","mport","15","1631308988248","plot_pickle.py","1.1.7 for 2019-2020 @t1"
"e","from matplotlib import colors
from","","15","1631308988249","plot_pickle.py","1.1.7 for 2019-2020 @t1"
"e","",".","60","1631308988248","plot_pickle.py","1.1.7 for 2019-2020 @t1"
"e"," import ","","60","1631308988249","plot_pickle.py","1.1.7 for 2019-2020 @t1"
"a","Delete",,,"1631308991297","plot_pickle.py","1.1.7 for 2019-2020 @t1"
"e","","i","14","1631308991302","plot_pickle.py","1.1.7 for 2019-2020 @t1"
"a","Enter",,,"1631308996447","plot_pickle.py","1.1.7 for 2019-2020 @t1"
"e","
    ","","967","1631308996452","plot_pickle.py","1.1.7 for 2019-2020 @t1"
"a","Backspace",,,"1631308996776","plot_pickle.py","1.1.7 for 2019-2020 @t1"
"e",""," ","971","1631308996818","plot_pickle.py","1.1.7 for 2019-2020 @t1"
"e","","   ","968","1631308996822","plot_pickle.py","1.1.7 for 2019-2020 @t1"
"e","p","","968","1631308997561","plot_pickle.py","1.1.7 for 2019-2020 @t1"
"k","p",,"969","1631308997561","plot_pickle.py","1.1.7 for 2019-2020 @t1"
"e","l","","969","1631308997695","plot_pickle.py","1.1.7 for 2019-2020 @t1"
"k","l",,"970","1631308997699","plot_pickle.py","1.1.7 for 2019-2020 @t1"
"e","o","","970","1631308997883","plot_pickle.py","1.1.7 for 2019-2020 @t1"
"k","o",,"971","1631308997900","plot_pickle.py","1.1.7 for 2019-2020 @t1"
"a","Choose Lookup Item",,,"1631308999557","plot_pickle.py","1.1.7 for 2019-2020 @t1"
"e","t_grid","","971","1631308999576","plot_pickle.py","1.1.7 for 2019-2020 @t1"
"e","(","","977","1631308999597","plot_pickle.py","1.1.7 for 2019-2020 @t1"
"e",")","","978","1631308999603","plot_pickle.py","1.1.7 for 2019-2020 @t1"
"a","Backspace",,,"1631309006656","plot_pickle.py","1.1.7 for 2019-2020 @t1"
"e",""," ","966","1631309006660","plot_pickle.py","1.1.7 for 2019-2020 @t1"
"e","","   ","963","1631309006664","plot_pickle.py","1.1.7 for 2019-2020 @t1"
"a","Enter",,,"1631309007158","plot_pickle.py","1.1.7 for 2019-2020 @t1"
"e","
","","964","1631309007169","plot_pickle.py","1.1.7 for 2019-2020 @t1"
"e","P","","964","1631309008577","plot_pickle.py","1.1.7 for 2019-2020 @t1"
"k","P",,"965","1631309008578","plot_pickle.py","1.1.7 for 2019-2020 @t1"
"e","I","","965","1631309008743","plot_pickle.py","1.1.7 for 2019-2020 @t1"
"k","I",,"966","1631309008756","plot_pickle.py","1.1.7 for 2019-2020 @t1"
"e","C","","966","1631309008839","plot_pickle.py","1.1.7 for 2019-2020 @t1"
"k","C",,"967","1631309008843","plot_pickle.py","1.1.7 for 2019-2020 @t1"
"e","K","","967","1631309008931","plot_pickle.py","1.1.7 for 2019-2020 @t1"
"k","K",,"968","1631309008931","plot_pickle.py","1.1.7 for 2019-2020 @t1"
"e","L","","968","1631309009167","plot_pickle.py","1.1.7 for 2019-2020 @t1"
"k","L",,"969","1631309009168","plot_pickle.py","1.1.7 for 2019-2020 @t1"
"e","E","","969","1631309009319","plot_pickle.py","1.1.7 for 2019-2020 @t1"
"k","E",,"970","1631309009319","plot_pickle.py","1.1.7 for 2019-2020 @t1"
"e","_","","970","1631309009598","plot_pickle.py","1.1.7 for 2019-2020 @t1"
"k","_",,"971","1631309009599","plot_pickle.py","1.1.7 for 2019-2020 @t1"
"e","P","","971","1631309012914","plot_pickle.py","1.1.7 for 2019-2020 @t1"
"k","P",,"972","1631309012916","plot_pickle.py","1.1.7 for 2019-2020 @t1"
"e","A","","972","1631309013044","plot_pickle.py","1.1.7 for 2019-2020 @t1"
"k","A",,"973","1631309013045","plot_pickle.py","1.1.7 for 2019-2020 @t1"
"e","T","","973","1631309013213","plot_pickle.py","1.1.7 for 2019-2020 @t1"
"k","T",,"974","1631309013214","plot_pickle.py","1.1.7 for 2019-2020 @t1"
"e","H","","974","1631309013520","plot_pickle.py","1.1.7 for 2019-2020 @t1"
"k","H",,"975","1631309013520","plot_pickle.py","1.1.7 for 2019-2020 @t1"
"e"," ","","975","1631309013713","plot_pickle.py","1.1.7 for 2019-2020 @t1"
"k"," ",,"976","1631309013713","plot_pickle.py","1.1.7 for 2019-2020 @t1"
"e","=","","976","1631309013915","plot_pickle.py","1.1.7 for 2019-2020 @t1"
"k","=",,"977","1631309013916","plot_pickle.py","1.1.7 for 2019-2020 @t1"
"e"," ","","977","1631309014010","plot_pickle.py","1.1.7 for 2019-2020 @t1"
"k"," ",,"978","1631309014011","plot_pickle.py","1.1.7 for 2019-2020 @t1"
"e","'","","978","1631309014320","plot_pickle.py","1.1.7 for 2019-2020 @t1"
"e","'","","979","1631309014324","plot_pickle.py","1.1.7 for 2019-2020 @t1"
"k","'",,"979","1631309014324","plot_pickle.py","1.1.7 for 2019-2020 @t1"
"a","Backspace",,,"1631309016126","plot_pickle.py","1.1.7 for 2019-2020 @t1"
"e","","'","979","1631309016139","plot_pickle.py","1.1.7 for 2019-2020 @t1"
"e","","'","978","1631309016147","plot_pickle.py","1.1.7 for 2019-2020 @t1"
"e","o","","978","1631309016469","plot_pickle.py","1.1.7 for 2019-2020 @t1"
"k","o",,"979","1631309016470","plot_pickle.py","1.1.7 for 2019-2020 @t1"
"e","s","","979","1631309016592","plot_pickle.py","1.1.7 for 2019-2020 @t1"
"k","s",,"980","1631309016595","plot_pickle.py","1.1.7 for 2019-2020 @t1"
"e",".","","980","1631309016705","plot_pickle.py","1.1.7 for 2019-2020 @t1"
"k",".",,"981","1631309016706","plot_pickle.py","1.1.7 for 2019-2020 @t1"
"e","g","","981","1631309017757","plot_pickle.py","1.1.7 for 2019-2020 @t1"
"k","g",,"982","1631309017774","plot_pickle.py","1.1.7 for 2019-2020 @t1"
"e","e","","982","1631309017859","plot_pickle.py","1.1.7 for 2019-2020 @t1"
"k","e",,"983","1631309017863","plot_pickle.py","1.1.7 for 2019-2020 @t1"
"e","t","","983","1631309017947","plot_pickle.py","1.1.7 for 2019-2020 @t1"
"k","t",,"984","1631309017951","plot_pickle.py","1.1.7 for 2019-2020 @t1"
"a","Choose Lookup Item",,,"1631309019775","plot_pickle.py","1.1.7 for 2019-2020 @t1"
"e","cwd","","984","1631309019784","plot_pickle.py","1.1.7 for 2019-2020 @t1"
"e","(","","987","1631309019791","plot_pickle.py","1.1.7 for 2019-2020 @t1"
"e",")","","988","1631309019796","plot_pickle.py","1.1.7 for 2019-2020 @t1"
"e","import os","","0","1631309019827","plot_pickle.py","1.1.7 for 2019-2020 @t1"
"e","
","","9","1631309019843","plot_pickle.py","1.1.7 for 2019-2020 @t1"
"a","Right",,,"1631309020700","plot_pickle.py","1.1.7 for 2019-2020 @t1"
"e","o","","988","1631309030542","plot_pickle.py","1.1.7 for 2019-2020 @t1"
"k","o",,"989","1631309030543","plot_pickle.py","1.1.7 for 2019-2020 @t1"
"e","s","","989","1631309030635","plot_pickle.py","1.1.7 for 2019-2020 @t1"
"k","s",,"990","1631309030640","plot_pickle.py","1.1.7 for 2019-2020 @t1"
"e",".","","990","1631309030805","plot_pickle.py","1.1.7 for 2019-2020 @t1"
"k",".",,"991","1631309030807","plot_pickle.py","1.1.7 for 2019-2020 @t1"
"e","p","","991","1631309031050","plot_pickle.py","1.1.7 for 2019-2020 @t1"
"k","p",,"992","1631309031062","plot_pickle.py","1.1.7 for 2019-2020 @t1"
"e","a","","992","1631309031144","plot_pickle.py","1.1.7 for 2019-2020 @t1"
"k","a",,"993","1631309031148","plot_pickle.py","1.1.7 for 2019-2020 @t1"
"e","t","","993","1631309031353","plot_pickle.py","1.1.7 for 2019-2020 @t1"
"k","t",,"994","1631309031370","plot_pickle.py","1.1.7 for 2019-2020 @t1"
"e","h","","994","1631309031424","plot_pickle.py","1.1.7 for 2019-2020 @t1"
"k","h",,"995","1631309031428","plot_pickle.py","1.1.7 for 2019-2020 @t1"
"e",".","","995","1631309031673","plot_pickle.py","1.1.7 for 2019-2020 @t1"
"k",".",,"996","1631309031674","plot_pickle.py","1.1.7 for 2019-2020 @t1"
"e","j","","996","1631309031938","plot_pickle.py","1.1.7 for 2019-2020 @t1"
"k","j",,"997","1631309031939","plot_pickle.py","1.1.7 for 2019-2020 @t1"
"e","o","","998","1631309032068","plot_pickle.py","1.1.7 for 2019-2020 @t1"
"k","o",,"998","1631309032068","plot_pickle.py","1.1.7 for 2019-2020 @t1"
"e","i","","998","1631309032146","plot_pickle.py","1.1.7 for 2019-2020 @t1"
"k","i",,"999","1631309032147","plot_pickle.py","1.1.7 for 2019-2020 @t1"
"e","n","","999","1631309032492","plot_pickle.py","1.1.7 for 2019-2020 @t1"
"k","n",,"1000","1631309032492","plot_pickle.py","1.1.7 for 2019-2020 @t1"
"e","(","","1000","1631309034348","plot_pickle.py","1.1.7 for 2019-2020 @t1"
"k","(",,"1001","1631309034349","plot_pickle.py","1.1.7 for 2019-2020 @t1"
"a","Move Caret to Line End",,,"1631309034798","plot_pickle.py","1.1.7 for 2019-2020 @t1"
"e",")","","1012","1631309035263","plot_pickle.py","1.1.7 for 2019-2020 @t1"
"k",")",,"1013","1631309035264","plot_pickle.py","1.1.7 for 2019-2020 @t1"
"a","Left",,,"1631309035717","plot_pickle.py","1.1.7 for 2019-2020 @t1"
"e",",","","1012","1631309036479","plot_pickle.py","1.1.7 for 2019-2020 @t1"
"k",",",,"1013","1631309036480","plot_pickle.py","1.1.7 for 2019-2020 @t1"
"e"," ","","1013","1631309036655","plot_pickle.py","1.1.7 for 2019-2020 @t1"
"k"," ",,"1014","1631309036656","plot_pickle.py","1.1.7 for 2019-2020 @t1"
"e","'","","1014","1631309036892","plot_pickle.py","1.1.7 for 2019-2020 @t1"
"e","'","","1014","1631309036899","plot_pickle.py","1.1.7 for 2019-2020 @t1"
"k","'",,"1015","1631309036900","plot_pickle.py","1.1.7 for 2019-2020 @t1"
"e","2","","1015","1631309037901","plot_pickle.py","1.1.7 for 2019-2020 @t1"
"k","2",,"1016","1631309037902","plot_pickle.py","1.1.7 for 2019-2020 @t1"
"e","2","","1016","1631309038124","plot_pickle.py","1.1.7 for 2019-2020 @t1"
"k","2",,"1017","1631309038128","plot_pickle.py","1.1.7 for 2019-2020 @t1"
"e","2","","1017","1631309038614","plot_pickle.py","1.1.7 for 2019-2020 @t1"
"k","2",,"1018","1631309038618","plot_pickle.py","1.1.7 for 2019-2020 @t1"
"e","3","","1018","1631309039043","plot_pickle.py","1.1.7 for 2019-2020 @t1"
"k","3",,"1019","1631309039046","plot_pickle.py","1.1.7 for 2019-2020 @t1"
"a","Choose Lookup Item",,,"1631309040192","plot_pickle.py","1.1.7 for 2019-2020 @t1"
"e","87 .pickle","","1019","1631309040211","plot_pickle.py","1.1.7 for 2019-2020 @t1"
"a","Left",,,"1631309042370","plot_pickle.py","1.1.7 for 2019-2020 @t1"
"e","P","","1042","1631309042728","plot_pickle.py","1.1.7 for 2019-2020 @t1"
"k","P",,"1043","1631309042728","plot_pickle.py","1.1.7 for 2019-2020 @t1"
"e","I","","1043","1631309042866","plot_pickle.py","1.1.7 for 2019-2020 @t1"
"k","I",,"1044","1631309042869","plot_pickle.py","1.1.7 for 2019-2020 @t1"
"e","C","","1044","1631309042987","plot_pickle.py","1.1.7 for 2019-2020 @t1"
"k","C",,"1045","1631309042999","plot_pickle.py","1.1.7 for 2019-2020 @t1"
"e","K","","1045","1631309043091","plot_pickle.py","1.1.7 for 2019-2020 @t1"
"k","K",,"1046","1631309043102","plot_pickle.py","1.1.7 for 2019-2020 @t1"
"a","Choose Lookup Item",,,"1631309043563","plot_pickle.py","1.1.7 for 2019-2020 @t1"
"e","LE_PATH","","1046","1631309043569","plot_pickle.py","1.1.7 for 2019-2020 @t1"
"a","Right",,,"1631309056022","plot_pickle.py","1.1.7 for 2019-2020 @t1"
"e","s","","243","1631309056143","plot_pickle.py","1.1.7 for 2019-2020 @t1"
"k","s",,"244","1631309056144","plot_pickle.py","1.1.7 for 2019-2020 @t1"
"a","Right",,,"1631309059303","plot_pickle.py","1.1.7 for 2019-2020 @t1"
"e",",","","199","1631309059711","plot_pickle.py","1.1.7 for 2019-2020 @t1"
"k",",",,"200","1631309059711","plot_pickle.py","1.1.7 for 2019-2020 @t1"
"e"," ","","200","1631309059877","plot_pickle.py","1.1.7 for 2019-2020 @t1"
"k"," ",,"201","1631309059878","plot_pickle.py","1.1.7 for 2019-2020 @t1"
"e","'","","201","1631309060035","plot_pickle.py","1.1.7 for 2019-2020 @t1"
"e","'","","201","1631309060043","plot_pickle.py","1.1.7 for 2019-2020 @t1"
"k","'",,"202","1631309060044","plot_pickle.py","1.1.7 for 2019-2020 @t1"
"e","r","","202","1631309060342","plot_pickle.py","1.1.7 for 2019-2020 @t1"
"k","r",,"203","1631309060343","plot_pickle.py","1.1.7 for 2019-2020 @t1"
"e","b","","203","1631309060525","plot_pickle.py","1.1.7 for 2019-2020 @t1"
"k","b",,"204","1631309060525","plot_pickle.py","1.1.7 for 2019-2020 @t1"
"a","Backspace",,,"1631309063617","plot_pickle.py","1.1.7 for 2019-2020 @t1"
"e","","s","249","1631309063625","plot_pickle.py","1.1.7 for 2019-2020 @t1"
"a","Enter",,,"1631309069248","plot_pickle.py","1.1.7 for 2019-2020 @t1"
"e","
    ","","978","1631309069255","plot_pickle.py","1.1.7 for 2019-2020 @t1"
"e","p","","983","1631309069973","plot_pickle.py","1.1.7 for 2019-2020 @t1"
"k","p",,"984","1631309069974","plot_pickle.py","1.1.7 for 2019-2020 @t1"
"e","l","","984","1631309070088","plot_pickle.py","1.1.7 for 2019-2020 @t1"
"k","l",,"985","1631309070092","plot_pickle.py","1.1.7 for 2019-2020 @t1"
"e","t","","985","1631309070200","plot_pickle.py","1.1.7 for 2019-2020 @t1"
"k","t",,"986","1631309070205","plot_pickle.py","1.1.7 for 2019-2020 @t1"
"e",";","","986","1631309070321","plot_pickle.py","1.1.7 for 2019-2020 @t1"
"k",";",,"987","1631309070321","plot_pickle.py","1.1.7 for 2019-2020 @t1"
"a","Backspace",,,"1631309071151","plot_pickle.py","1.1.7 for 2019-2020 @t1"
"e","",";","986","1631309071156","plot_pickle.py","1.1.7 for 2019-2020 @t1"
"e",".","","986","1631309071841","plot_pickle.py","1.1.7 for 2019-2020 @t1"
"k",".",,"987","1631309071842","plot_pickle.py","1.1.7 for 2019-2020 @t1"
"e","s","","987","1631309072074","plot_pickle.py","1.1.7 for 2019-2020 @t1"
"k","s",,"988","1631309072083","plot_pickle.py","1.1.7 for 2019-2020 @t1"
"e","h","","988","1631309072176","plot_pickle.py","1.1.7 for 2019-2020 @t1"
"k","h",,"989","1631309072180","plot_pickle.py","1.1.7 for 2019-2020 @t1"
"e","o","","989","1631309072324","plot_pickle.py","1.1.7 for 2019-2020 @t1"
"k","o",,"990","1631309072328","plot_pickle.py","1.1.7 for 2019-2020 @t1"
"e","w","","990","1631309072413","plot_pickle.py","1.1.7 for 2019-2020 @t1"
"k","w",,"991","1631309072416","plot_pickle.py","1.1.7 for 2019-2020 @t1"
"e","(","","991","1631309072687","plot_pickle.py","1.1.7 for 2019-2020 @t1"
"e",")","","992","1631309072691","plot_pickle.py","1.1.7 for 2019-2020 @t1"
"k","(",,"992","1631309072691","plot_pickle.py","1.1.7 for 2019-2020 @t1"
"k",")",,"993","1631309072730","plot_pickle.py","1.1.7 for 2019-2020 @t1"
"a","Reload From Disk",,,"1631309090447","plot_pickle.py","1.1.7 for 2019-2020 @t1"
"t","Lockout:150000.0",,"585","1631309263633","plot_pickle.py","1.1.7 for 2019-2020 @t1"
"t","OFF:150000.0",,"585","1631420003718","plot_pickle.py","1.1.7 for 2019-2020 @t1"
"a","Down",,,"1631895124984","plot_pickle.py","1.1.7 for 2019-2020 @t1"
"a","Move Caret to Line End",,,"1631895125517","plot_pickle.py","1.1.7 for 2019-2020 @t1"
"a","Enter",,,"1631895125930","plot_pickle.py","1.1.7 for 2019-2020 @t1"
"e","    
","","292","1631895126010","plot_pickle.py","1.1.7 for 2019-2020 @t1"
"e","p","","296","1631895126298","plot_pickle.py","1.1.7 for 2019-2020 @t1"
"k","p",,"297","1631895126312","plot_pickle.py","1.1.7 for 2019-2020 @t1"
"e","r","","297","1631895126544","plot_pickle.py","1.1.7 for 2019-2020 @t1"
"k","r",,"298","1631895126548","plot_pickle.py","1.1.7 for 2019-2020 @t1"
"e","i","","298","1631895127385","plot_pickle.py","1.1.7 for 2019-2020 @t1"
"k","i",,"299","1631895127398","plot_pickle.py","1.1.7 for 2019-2020 @t1"
"e","n","","299","1631895127542","plot_pickle.py","1.1.7 for 2019-2020 @t1"
"k","n",,"300","1631895127556","plot_pickle.py","1.1.7 for 2019-2020 @t1"
"e","t","","300","1631895127672","plot_pickle.py","1.1.7 for 2019-2020 @t1"
"k","t",,"301","1631895127691","plot_pickle.py","1.1.7 for 2019-2020 @t1"
"a","Up",,,"1632418618155","plot_pickle.py","1.1.7 for 2019-2020 @t1"
"a","Up",,,"1632418618303","plot_pickle.py","1.1.7 for 2019-2020 @t1"
"a","Up",,,"1632418618483","plot_pickle.py","1.1.7 for 2019-2020 @t1"
"a","Up",,,"1632418618822","plot_pickle.py","1.1.7 for 2019-2020 @t1"
"a","Down",,,"1632418619138","plot_pickle.py","1.1.7 for 2019-2020 @t1"
"a","Down",,,"1632418620684","plot_pickle.py","1.1.7 for 2019-2020 @t1"
"a","Comment with Line Comment",,,"1632418621254","plot_pickle.py","1.1.7 for 2019-2020 @t1"
"e"," #","","719","1632418621336","plot_pickle.py","1.1.7 for 2019-2020 @t1"
"a","Down",,,"1632418621689","plot_pickle.py","1.1.7 for 2019-2020 @t1"
"a","Down",,,"1632418621894","plot_pickle.py","1.1.7 for 2019-2020 @t1"
"a","Up",,,"1632418622277","plot_pickle.py","1.1.7 for 2019-2020 @t1"
"a","Up",,,"1632418622490","plot_pickle.py","1.1.7 for 2019-2020 @t1"
"a","Down",,,"1632418622687","plot_pickle.py","1.1.7 for 2019-2020 @t1"
"a","Down",,,"1632418622823","plot_pickle.py","1.1.7 for 2019-2020 @t1"
"a","Down",,,"1632418622992","plot_pickle.py","1.1.7 for 2019-2020 @t1"
"a","Down",,,"1632418623159","plot_pickle.py","1.1.7 for 2019-2020 @t1"
"a","Comment with Line Comment",,,"1632418623513","plot_pickle.py","1.1.7 for 2019-2020 @t1"
"e"," #","","854","1632418623519","plot_pickle.py","1.1.7 for 2019-2020 @t1"
"a","Up",,,"1632418623767","plot_pickle.py","1.1.7 for 2019-2020 @t1"
"a","Up",,,"1632418623956","plot_pickle.py","1.1.7 for 2019-2020 @t1"
"a","Up",,,"1632418624138","plot_pickle.py","1.1.7 for 2019-2020 @t1"
"a","Comment with Line Comment",,,"1632418624845","plot_pickle.py","1.1.7 for 2019-2020 @t1"
"e"," #","","796","1632418624852","plot_pickle.py","1.1.7 for 2019-2020 @t1"
"a","Up",,,"1632418625082","plot_pickle.py","1.1.7 for 2019-2020 @t1"
"a","Up",,,"1632418625515","plot_pickle.py","1.1.7 for 2019-2020 @t1"
"a","Down",,,"1632418626503","plot_pickle.py","1.1.7 for 2019-2020 @t1"
"a","Move Caret to Line Start with Selection",,,"1632418627024","plot_pickle.py","1.1.7 for 2019-2020 @t1"
"a","Up with Selection",,,"1632418627150","plot_pickle.py","1.1.7 for 2019-2020 @t1"
"a","Backspace",,,"1632418627567","plot_pickle.py","1.1.7 for 2019-2020 @t1"
"e","","print(y_minor_ticks)
    # print(y_major_ticks)","772","1632418627580","plot_pickle.py","1.1.7 for 2019-2020 @t1"
"a","Backspace",,,"1632418627746","plot_pickle.py","1.1.7 for 2019-2020 @t1"
"e",""," ","771","1632418627757","plot_pickle.py","1.1.7 for 2019-2020 @t1"
"e","","   ","768","1632418627762","plot_pickle.py","1.1.7 for 2019-2020 @t1"
"a","Backspace",,,"1632418627955","plot_pickle.py","1.1.7 for 2019-2020 @t1"
"e","","
","768","1632418627961","plot_pickle.py","1.1.7 for 2019-2020 @t1"
"a","Backspace",,,"1632418628355","plot_pickle.py","1.1.7 for 2019-2020 @t1"
"e",""," ","766","1632418628363","plot_pickle.py","1.1.7 for 2019-2020 @t1"
"e","","   ","763","1632418628367","plot_pickle.py","1.1.7 for 2019-2020 @t1"
"a","Backspace",,,"1632418628771","plot_pickle.py","1.1.7 for 2019-2020 @t1"
"e","","
","763","1632418628777","plot_pickle.py","1.1.7 for 2019-2020 @t1"
"a","Left",,,"1632418632677","plot_pickle.py","1.1.7 for 2019-2020 @t1"
"a","Up",,,"1632418632877","plot_pickle.py","1.1.7 for 2019-2020 @t1"
"a","Left",,,"1632418633128","plot_pickle.py","1.1.7 for 2019-2020 @t1"
"a","Down",,,"1632418633629","plot_pickle.py","1.1.7 for 2019-2020 @t1"
"a","Up",,,"1632418633939","plot_pickle.py","1.1.7 for 2019-2020 @t1"
"a","Backspace",,,"1632418636182","plot_pickle.py","1.1.7 for 2019-2020 @t1"
"e","","]","333","1632418636194","plot_pickle.py","1.1.7 for 2019-2020 @t1"
"a","Backspace",,,"1632418636357","plot_pickle.py","1.1.7 for 2019-2020 @t1"
"e","","0","332","1632418636363","plot_pickle.py","1.1.7 for 2019-2020 @t1"
"a","Backspace",,,"1632418636521","plot_pickle.py","1.1.7 for 2019-2020 @t1"
"e","","[","331","1632418636527","plot_pickle.py","1.1.7 for 2019-2020 @t1"
"e",".","","331","1632418637399","plot_pickle.py","1.1.7 for 2019-2020 @t1"
"k",".",,"332","1632418637400","plot_pickle.py","1.1.7 for 2019-2020 @t1"
"e","k","","332","1632418637716","plot_pickle.py","1.1.7 for 2019-2020 @t1"
"k","k",,"333","1632418637733","plot_pickle.py","1.1.7 for 2019-2020 @t1"
"e","e","","333","1632418637903","plot_pickle.py","1.1.7 for 2019-2020 @t1"
"k","e",,"334","1632418637903","plot_pickle.py","1.1.7 for 2019-2020 @t1"
"e","y","","334","1632418637968","plot_pickle.py","1.1.7 for 2019-2020 @t1"
"k","y",,"335","1632418637968","plot_pickle.py","1.1.7 for 2019-2020 @t1"
"e","s","","335","1632418638059","plot_pickle.py","1.1.7 for 2019-2020 @t1"
"k","s",,"336","1632418638060","plot_pickle.py","1.1.7 for 2019-2020 @t1"
"e","(","","336","1632418638841","plot_pickle.py","1.1.7 for 2019-2020 @t1"
"e",")","","338","1632418638847","plot_pickle.py","1.1.7 for 2019-2020 @t1"
"k","(",,"337","1632418638847","plot_pickle.py","1.1.7 for 2019-2020 @t1"
"k",")",,"338","1632418638884","plot_pickle.py","1.1.7 for 2019-2020 @t1"
"a","Backspace",,,"1632418641115","plot_pickle.py","1.1.7 for 2019-2020 @t1"
"e","",")","338","1632418641120","plot_pickle.py","1.1.7 for 2019-2020 @t1"
"a","Backspace",,,"1632418641619","plot_pickle.py","1.1.7 for 2019-2020 @t1"
"e","","(","336","1632418641626","plot_pickle.py","1.1.7 for 2019-2020 @t1"
"a","Backspace",,,"1632418641650","plot_pickle.py","1.1.7 for 2019-2020 @t1"
"e","","s","335","1632418641656","plot_pickle.py","1.1.7 for 2019-2020 @t1"
"a","Backspace",,,"1632418641679","plot_pickle.py","1.1.7 for 2019-2020 @t1"
"e","","y","334","1632418641698","plot_pickle.py","1.1.7 for 2019-2020 @t1"
"a","Backspace",,,"1632418641946","plot_pickle.py","1.1.7 for 2019-2020 @t1"
"e","","e","333","1632418641951","plot_pickle.py","1.1.7 for 2019-2020 @t1"
"a","Backspace",,,"1632418642189","plot_pickle.py","1.1.7 for 2019-2020 @t1"
"e","","k","332","1632418642194","plot_pickle.py","1.1.7 for 2019-2020 @t1"
"a","Backspace",,,"1632418642367","plot_pickle.py","1.1.7 for 2019-2020 @t1"
"e","",".","331","1632418642373","plot_pickle.py","1.1.7 for 2019-2020 @t1"
"a","Backspace",,,"1632418642565","plot_pickle.py","1.1.7 for 2019-2020 @t1"
"e","","a","330","1632418642570","plot_pickle.py","1.1.7 for 2019-2020 @t1"
"a","Backspace",,,"1632418642779","plot_pickle.py","1.1.7 for 2019-2020 @t1"
"e","","t","329","1632418642787","plot_pickle.py","1.1.7 for 2019-2020 @t1"
"a","Backspace",,,"1632418642939","plot_pickle.py","1.1.7 for 2019-2020 @t1"
"e","","a","328","1632418642945","plot_pickle.py","1.1.7 for 2019-2020 @t1"
"a","Backspace",,,"1632418643340","plot_pickle.py","1.1.7 for 2019-2020 @t1"
"e","","d","327","1632418643347","plot_pickle.py","1.1.7 for 2019-2020 @t1"
"e","p","","327","1632418643563","plot_pickle.py","1.1.7 for 2019-2020 @t1"
"k","p",,"328","1632418643564","plot_pickle.py","1.1.7 for 2019-2020 @t1"
"e","i","","328","1632418643822","plot_pickle.py","1.1.7 for 2019-2020 @t1"
"k","i",,"329","1632418643830","plot_pickle.py","1.1.7 for 2019-2020 @t1"
"e","c","","329","1632418643994","plot_pickle.py","1.1.7 for 2019-2020 @t1"
"k","c",,"330","1632418644004","plot_pickle.py","1.1.7 for 2019-2020 @t1"
"a","Choose Lookup Item",,,"1632418644284","plot_pickle.py","1.1.7 for 2019-2020 @t1"
"e","kle_data","","330","1632418644293","plot_pickle.py","1.1.7 for 2019-2020 @t1"
"e",".","","338","1632418645741","plot_pickle.py","1.1.7 for 2019-2020 @t1"
"k",".",,"339","1632418645742","plot_pickle.py","1.1.7 for 2019-2020 @t1"
"e","k","","339","1632418645972","plot_pickle.py","1.1.7 for 2019-2020 @t1"
"k","k",,"340","1632418645977","plot_pickle.py","1.1.7 for 2019-2020 @t1"
"e","e","","340","1632418646116","plot_pickle.py","1.1.7 for 2019-2020 @t1"
"k","e",,"341","1632418646117","plot_pickle.py","1.1.7 for 2019-2020 @t1"
"e","y","","341","1632418646793","plot_pickle.py","1.1.7 for 2019-2020 @t1"
"k","y",,"342","1632418646794","plot_pickle.py","1.1.7 for 2019-2020 @t1"
"e","s","","342","1632418646927","plot_pickle.py","1.1.7 for 2019-2020 @t1"
"k","s",,"343","1632418646927","plot_pickle.py","1.1.7 for 2019-2020 @t1"
"e","(","","343","1632418647168","plot_pickle.py","1.1.7 for 2019-2020 @t1"
"e",")","","345","1632418647172","plot_pickle.py","1.1.7 for 2019-2020 @t1"
"k","(",,"344","1632418647173","plot_pickle.py","1.1.7 for 2019-2020 @t1"
"k",")",,"345","1632418647208","plot_pickle.py","1.1.7 for 2019-2020 @t1"
"a","Left",,,"1632418651338","plot_pickle.py","1.1.7 for 2019-2020 @t1"
"a","Left",,,"1632418651539","plot_pickle.py","1.1.7 for 2019-2020 @t1"
"a","Right",,,"1632418651828","plot_pickle.py","1.1.7 for 2019-2020 @t1"
"a","Backspace",,,"1632418652185","plot_pickle.py","1.1.7 for 2019-2020 @t1"
"e","",")","345","1632418652190","plot_pickle.py","1.1.7 for 2019-2020 @t1"
"a","Backspace",,,"1632418652347","plot_pickle.py","1.1.7 for 2019-2020 @t1"
"e","","(","343","1632418652353","plot_pickle.py","1.1.7 for 2019-2020 @t1"
"a","Backspace",,,"1632418652520","plot_pickle.py","1.1.7 for 2019-2020 @t1"
"e","","s","342","1632418652527","plot_pickle.py","1.1.7 for 2019-2020 @t1"
"a","Backspace",,,"1632418652695","plot_pickle.py","1.1.7 for 2019-2020 @t1"
"e","","y","341","1632418652703","plot_pickle.py","1.1.7 for 2019-2020 @t1"
"a","Backspace",,,"1632418652864","plot_pickle.py","1.1.7 for 2019-2020 @t1"
"e","","e","340","1632418652870","plot_pickle.py","1.1.7 for 2019-2020 @t1"
"a","Backspace",,,"1632418653026","plot_pickle.py","1.1.7 for 2019-2020 @t1"
"e","","k","339","1632418653035","plot_pickle.py","1.1.7 for 2019-2020 @t1"
"a","Backspace",,,"1632418653337","plot_pickle.py","1.1.7 for 2019-2020 @t1"
"e","",".","338","1632418653346","plot_pickle.py","1.1.7 for 2019-2020 @t1"
"e","[","","338","1632418653932","plot_pickle.py","1.1.7 for 2019-2020 @t1"
"e","]","","339","1632418653937","plot_pickle.py","1.1.7 for 2019-2020 @t1"
"k","[",,"339","1632418653937","plot_pickle.py","1.1.7 for 2019-2020 @t1"
"e","f","","339","1632418654202","plot_pickle.py","1.1.7 for 2019-2020 @t1"
"k","f",,"340","1632418654203","plot_pickle.py","1.1.7 for 2019-2020 @t1"
"e","i","","340","1632418654604","plot_pickle.py","1.1.7 for 2019-2020 @t1"
"k","i",,"341","1632418654611","plot_pickle.py","1.1.7 for 2019-2020 @t1"
"e","n","","341","1632418654887","plot_pickle.py","1.1.7 for 2019-2020 @t1"
"k","n",,"342","1632418654892","plot_pickle.py","1.1.7 for 2019-2020 @t1"
"a","Backspace",,,"1632418655181","plot_pickle.py","1.1.7 for 2019-2020 @t1"
"e","","n","341","1632418655186","plot_pickle.py","1.1.7 for 2019-2020 @t1"
"a","Backspace",,,"1632418655345","plot_pickle.py","1.1.7 for 2019-2020 @t1"
"e","","i","340","1632418655355","plot_pickle.py","1.1.7 for 2019-2020 @t1"
"a","Backspace",,,"1632418655510","plot_pickle.py","1.1.7 for 2019-2020 @t1"
"e","","f","339","1632418655517","plot_pickle.py","1.1.7 for 2019-2020 @t1"
"e","'","","339","1632418655736","plot_pickle.py","1.1.7 for 2019-2020 @t1"
"e","'","","340","1632418655741","plot_pickle.py","1.1.7 for 2019-2020 @t1"
"k","'",,"340","1632418655741","plot_pickle.py","1.1.7 for 2019-2020 @t1"
"e","f","","340","1632418656349","plot_pickle.py","1.1.7 for 2019-2020 @t1"
"k","f",,"341","1632418656350","plot_pickle.py","1.1.7 for 2019-2020 @t1"
"e","i","","341","1632418656490","plot_pickle.py","1.1.7 for 2019-2020 @t1"
"k","i",,"342","1632418656491","plot_pickle.py","1.1.7 for 2019-2020 @t1"
"e","n","","342","1632418656644","plot_pickle.py","1.1.7 for 2019-2020 @t1"
"k","n",,"343","1632418656644","plot_pickle.py","1.1.7 for 2019-2020 @t1"
"e","a","","343","1632418656782","plot_pickle.py","1.1.7 for 2019-2020 @t1"
"k","a",,"344","1632418656783","plot_pickle.py","1.1.7 for 2019-2020 @t1"
"e","l","","344","1632418656858","plot_pickle.py","1.1.7 for 2019-2020 @t1"
"k","l",,"345","1632418656859","plot_pickle.py","1.1.7 for 2019-2020 @t1"
"e","_","","345","1632418657128","plot_pickle.py","1.1.7 for 2019-2020 @t1"
"k","_",,"346","1632418657129","plot_pickle.py","1.1.7 for 2019-2020 @t1"
"e","o","","346","1632418657349","plot_pickle.py","1.1.7 for 2019-2020 @t1"
"k","o",,"347","1632418657350","plot_pickle.py","1.1.7 for 2019-2020 @t1"
"a","Backspace",,,"1632418657707","plot_pickle.py","1.1.7 for 2019-2020 @t1"
"e","","o","346","1632418657713","plot_pickle.py","1.1.7 for 2019-2020 @t1"
"e","c","","346","1632418657870","plot_pickle.py","1.1.7 for 2019-2020 @t1"
"k","c",,"347","1632418657871","plot_pickle.py","1.1.7 for 2019-2020 @t1"
"e","o","","347","1632418657992","plot_pickle.py","1.1.7 for 2019-2020 @t1"
"k","o",,"348","1632418657992","plot_pickle.py","1.1.7 for 2019-2020 @t1"
"e","d","","348","1632418658156","plot_pickle.py","1.1.7 for 2019-2020 @t1"
"k","d",,"349","1632418658156","plot_pickle.py","1.1.7 for 2019-2020 @t1"
"e","e","","349","1632418658231","plot_pickle.py","1.1.7 for 2019-2020 @t1"
"k","e",,"350","1632418658231","plot_pickle.py","1.1.7 for 2019-2020 @t1"
"t","Lockout:990000.0",,"260","1632419677241","plot_pickle.py","1.1.7 for 2019-2020 @t1"
"t","OFF:990000.0",,"260","1632500307972","plot_pickle.py","1.1.7 for 2019-2020 @t1"
"a","Next Highlighted Error",,,"1634754336717","plot_pickle.py","1.1.7 for 2019-2020 @t1"
"a","Paste",,,"1634754348351","plot_pickle.py","1.1.7 for 2019-2020 @t1"
"p","79822619 .pickle",,"1107","1634754348636","plot_pickle.py","1.1.7 for 2019-2020 @t1"
"e","","222387","1101","1634754348748","plot_pickle.py","1.1.7 for 2019-2020 @t1"
"e","79822619 .pickle","","1101","1634754348749","plot_pickle.py","1.1.7 for 2019-2020 @t1"
"a","Delete",,,"1634754350965","plot_pickle.py","1.1.7 for 2019-2020 @t1"
"e",""," ","1117","1634754351026","plot_pickle.py","1.1.7 for 2019-2020 @t1"
"a","Delete",,,"1634754351037","plot_pickle.py","1.1.7 for 2019-2020 @t1"
"e","",".","1117","1634754351056","plot_pickle.py","1.1.7 for 2019-2020 @t1"
"a","Delete",,,"1634754351111","plot_pickle.py","1.1.7 for 2019-2020 @t1"
"e","","p","1117","1634754351132","plot_pickle.py","1.1.7 for 2019-2020 @t1"
"a","Delete",,,"1634754351244","plot_pickle.py","1.1.7 for 2019-2020 @t1"
"e","","i","1117","1634754351264","plot_pickle.py","1.1.7 for 2019-2020 @t1"
"a","Delete",,,"1634754351517","plot_pickle.py","1.1.7 for 2019-2020 @t1"
"e","","c","1117","1634754351532","plot_pickle.py","1.1.7 for 2019-2020 @t1"
"a","Delete",,,"1634754351756","plot_pickle.py","1.1.7 for 2019-2020 @t1"
"e","","k","1117","1634754351768","plot_pickle.py","1.1.7 for 2019-2020 @t1"
"a","Delete",,,"1634754351982","plot_pickle.py","1.1.7 for 2019-2020 @t1"
"e","","l","1117","1634754351989","plot_pickle.py","1.1.7 for 2019-2020 @t1"
"a","Delete",,,"1634754352538","plot_pickle.py","1.1.7 for 2019-2020 @t1"
"e","","e","1117","1634754352713","plot_pickle.py","1.1.7 for 2019-2020 @t1"
"e","\","","316","1634754395336","plot_pickle.py","1.1.7 for 2019-2020 @t1"
"k","\",,"317","1634754395373","plot_pickle.py","1.1.7 for 2019-2020 @t1"
"a","Backspace",,,"1634754396387","plot_pickle.py","1.1.7 for 2019-2020 @t1"
"e","","\","316","1634754396436","plot_pickle.py","1.1.7 for 2019-2020 @t1"
"e","\","","316","1634754397015","plot_pickle.py","1.1.7 for 2019-2020 @t1"
"k","\",,"317","1634754397016","plot_pickle.py","1.1.7 for 2019-2020 @t1"
"a","Backspace",,,"1634754397646","plot_pickle.py","1.1.7 for 2019-2020 @t1"
"e","","\","316","1634754397654","plot_pickle.py","1.1.7 for 2019-2020 @t1"
"a","Enter",,,"1634754398372","plot_pickle.py","1.1.7 for 2019-2020 @t1"
"e","    
","","317","1634754398512","plot_pickle.py","1.1.7 for 2019-2020 @t1"
"e","p","","321","1634754398702","plot_pickle.py","1.1.7 for 2019-2020 @t1"
"k","p",,"322","1634754398703","plot_pickle.py","1.1.7 for 2019-2020 @t1"
"e","r","","322","1634754399504","plot_pickle.py","1.1.7 for 2019-2020 @t1"
"k","r",,"323","1634754399512","plot_pickle.py","1.1.7 for 2019-2020 @t1"
"e","i","","323","1634754400572","plot_pickle.py","1.1.7 for 2019-2020 @t1"
"k","i",,"324","1634754400588","plot_pickle.py","1.1.7 for 2019-2020 @t1"
"e","n","","324","1634754400747","plot_pickle.py","1.1.7 for 2019-2020 @t1"
"k","n",,"325","1634754400755","plot_pickle.py","1.1.7 for 2019-2020 @t1"
"e","t","","325","1634754401125","plot_pickle.py","1.1.7 for 2019-2020 @t1"
"k","t",,"326","1634754401131","plot_pickle.py","1.1.7 for 2019-2020 @t1"
"e","(","","326","1634754401857","plot_pickle.py","1.1.7 for 2019-2020 @t1"
"e",")","","327","1634754401864","plot_pickle.py","1.1.7 for 2019-2020 @t1"
"k","(",,"327","1634754401870","plot_pickle.py","1.1.7 for 2019-2020 @t1"
"a","Left",,,"1634754408966","plot_pickle.py","1.1.7 for 2019-2020 @t1"
"e","d","","327","1634754410204","plot_pickle.py","1.1.7 for 2019-2020 @t1"
"k","d",,"328","1634754410205","plot_pickle.py","1.1.7 for 2019-2020 @t1"
"e","a","","328","1634754410391","plot_pickle.py","1.1.7 for 2019-2020 @t1"
"k","a",,"329","1634754410402","plot_pickle.py","1.1.7 for 2019-2020 @t1"
"e","t","","329","1634754410740","plot_pickle.py","1.1.7 for 2019-2020 @t1"
"k","t",,"330","1634754410751","plot_pickle.py","1.1.7 for 2019-2020 @t1"
"e","a","","330","1634754410949","plot_pickle.py","1.1.7 for 2019-2020 @t1"
"k","a",,"331","1634754410959","plot_pickle.py","1.1.7 for 2019-2020 @t1"
"a","Choose Lookup Item",,,"1634754411503","plot_pickle.py","1.1.7 for 2019-2020 @t1"
"a","Create directory",,,"1634754642672","plot_pickle.py","1.1.7 for 2019-2020 @t1"
"a","Create directory",,,"1634754663423","plot_pickle.py","1.1.7 for 2019-2020 @t1"
"a","Copy Files/Directories",,,"1634754663459","plot_pickle.py","1.1.7 for 2019-2020 @t1"
